ex_id,url,result
ex006,https://www.lse.ac.uk/international-development/research/british-society-for-population-studies/Assets/Conference-2026/Abstracts/Developments-in-official-statistics.pdf,saved (check by eye) pdf: page 1 of 4
ex013,https://www.oecd.org/en/publications/international-migration-outlook-2023_b0f40584-en.html,failed: HTTP 403 (also through the browser)
ex017,https://reforms-investments.ec.europa.eu/technical-support-instrument-0/labour-market-and-social-protection/assessment-recognition-and-validation-skills-and-qualifications-people-displaced-ukraine_en,"saved (check by eye) screenshot: Assessment, recognition and validation of skills and qualifications for people d"
ex019,https://eur-lex.europa.eu/legal-content/EN/TXT/?uri=CELEX:52023PC0031,saved (check by eye) screenshot: EUR-Lex - 52023PC0031 - EN - EUR-Lex
ex022,https://statistics.gov.rw/sites/default/files/documents/2025-02/RPHC2022_Refugees%20Thematic_report.pdf,saved (check by eye) pdf: page 1 of 216
ex023,https://www.immigration.interieur.gouv.fr/documentation/etudes-et-statistiques/enquete-longitudinale-sur-lintegration-des-primo-arrivants-2-elipa-2.html,failed: HTTP 403 (also through the browser)
ex024,https://www.ecowas.int/ecowas-strengthens-the-harmonization-of-migration-data-and-macroeconomic-convergence-in-west-africa/,saved (check by eye) page-cover: https://www.ecowas.int/wp-content/uploads/2026/08/EXPLORE-2-B.png
ex027,https://www.statistikportal.li/de/themen/bevoelkerung/asylwesen,failed: HTTP 403 (also through the browser)
ex028,https://www.destatis.de/EN/Press/2023/03/PE23_091_125.html,"saved (check by eye) page-pdf: page 1 of 300, https://files.institutesi.org/WORLD's_STATELESS_2020.pdf"
ex041,https://unece.org/statistics/population-and-housing-censuses,failed: HTTP 403 (also through the browser)
ex042,https://migration.gov.gr/wp-content/uploads/2024/01/Report_A_December-2023_International-Protection_NEW.pdf,saved (check by eye) pdf: page 1 of 23
ex043,https://indico.un.org/event/1011945/,saved (check by eye) screenshot: Group of Experts on Statistics on Population and Migration (26-28 November 2025)
ex047,https://migration.gov.gr/wp-content/uploads/2023/12/SGVP_Statistics_2023_12_01.pdf,saved (check by eye) pdf: page 1 of 3
ex050,https://migration.gov.gr/wp-content/uploads/2024/04/2023_Registrations_12month.pdf,saved (check by eye) pdf: page 1 of 20
ex052,https://reliefweb.int/report/haiti/haiti-report-internal-displacement-situation-haiti-round-10-june-2025,"saved (check by eye) page-pdf: page 1 of 27, https://reliefweb.int/attachments/be5aef71-8057-430b-a438-274909af366d/Displacement%20situation%20in%20Haiti%20-%20Round%2010%20-%20June%202025_3.pdf"
ex055,https://dtm.iom.int/reports/haiti-information-sheet-displacement-situation-haiti-round-11-september-2025?close=true,failed: HTTP 403 (also through the browser)
ex057,https://ine.gob.hn/wp-content/uploads/2026/04/Estudio-Poblacion-Desplazada-Internamente-EPHPM-2024.pdf,saved (check by eye) pdf: page 1 of 64
ex061,https://ine.gob.hn/wp-content/uploads/2026/04/Estudio-Poblacion-Desplazada-Internamente-EPHPM-2024.pdf,saved (check by eye) pdf: page 1 of 64
ex078,https://data.unhcr.org/en/documents/download/124022,saved (check by eye) pdf: page 1 of 105
ex079,https://microdata.unhcr.org/index.php/catalog/1466/pdf-documentation,saved (check by eye) pdf: page 1 of 32
ex080,https://www.jointdatacenter.org/wp-content/uploads/2022/08/WB_CHAD_EN_ONLINE.pdf,saved (check by eye) pdf: page 1 of 97
ex083,https://id4d.worldbank.org/sites/id4d/files/2018-04/Cote%20d'Ivoire_ID4D_Diagnostic_Web040618.pdf,failed: HTTP 403 (also through the browser)
ex098,https://www150.statcan.gc.ca/t1/tbl1/en/tv.action?pid=1710012101,"saved (check by eye) screenshot: Estimates of the number of non-permanent residents by type, quarterly"
ex102,https://www.undp.org/sites/g/files/zskgke326/files/2026-08/context-analysis.pdf,saved (check by eye) pdf: page 1 of 37
ex106,https://colombia.un.org/sites/default/files/2025-06/CIERRE%20IDSF%20Final.pdf,saved (check by eye) pdf: page 1 of 3
ex108,https://www.ksh.hu/evkonyvek/2022/demografiai-evkonyv-2022/html/indexeng.html,saved (check by eye) page-cover: https://www.ksh.hu/evkonyvek/2022/demografiai-evkonyv-2022/html/i/cover_x.jpg
ex122,https://www.cbs.nl/-/media/_pdf/2022/46/integratie-en-samenleven-2022.pdf,saved (check by eye) pdf: page 1 of 321
ex125,https://www150.statcan.gc.ca/n1/daily-quotidien/221026/dq221026a-eng.htm,saved (check by eye) page-cover: https://www150.statcan.gc.ca/dai-quo/img/magnify-clip.png
ex129,https://www150.statcan.gc.ca/n1/en/catalogue/91-528-X,saved (check by eye) screenshot: Technical Guide on Demographic Estimates at Statistics Canada
ex130,https://bangladesh.un.org/en/306903-iom-launches-first-nationwide-estimate-disaster-induced-internal-displacement-bangladesh,saved (check by eye) screenshot: IOM Launches First Nationwide Estimate of Disaster-Induced Internal Displacement
ex133,https://roasiapacific.iom.int/sites/g/files/tmzbdl671/files/documents/2025-11/ap_mdr-2025-.pdf,failed: HTTP 403 (also through the browser)
ex142,https://crvs.unescap.org/news/report-workshop-inclusive-crvs-systems-focus-forced-displacement-statelessness-and-children,failed: HTTP 403 (also through the browser)
ex147,https://ine.gob.hn/wp-content/uploads/2026/04/Estudio-Poblacion-Desplazada-Internamente-EPHPM-2024.pdf,saved (check by eye) pdf: page 1 of 64
ex149,https://unescwa.org/events/international-recommendations-refugee-internally-displaced-persons-and-statelessness,failed: HTTP 403 (also through the browser)
ex152,https://crvs.unescap.org/event/asia-pacific-regional-workshop-implementing-guidance-inclusive-crvs-systems-focus-forced,failed: HTTP 403 (also through the browser)
ex158,https://statistics.unsdglearn.org/courses/introduction-to-the-international-recommendations-on-refugee-and-idp-statistics/,saved (check by eye) screenshot: Introduction to the International Recommendations on Refugee and IDP Statistics 
ex159,https://api.internal-displacement.org/sites/default/files/publications/documents/idmc-2024-internal-displacement-in-africa.pdf,saved (check by eye) pdf: page 1 of 43
ex172,https://manara.as-rcp.org/home,failed: HTTP 502 (also through the browser)
ex173,https://www.unsiap.or.jp/on_line/Guideline/2024/2024_06_IRRIS.pdf,saved (check by eye) pdf: page 1 of 4
ex176,https://belstat.gov.by/en/,saved (check by eye) screenshot: National Statistical portal of the Republic of Belarus
ex178,https://inee.org/sites/default/files/resources/387957eng.pdf,failed: HTTP 403 (also through the browser)
ex179,https://www.mfa.gov.by/en/press/news_mfa/ec0edfebea3271d2.html,saved (check by eye) screenshot: International Conference on Combating Illegal Migration - Ministry of Foreign Af
ex181,https://data.unicef.org/resources/responsible-disaggregation-of-data-on-refugee-children/,failed: HTTP 403 (also through the browser)
ex182,https://belstat.gov.by/en/,"saved (check by eye) page-pdf: page 1 of 13, https://belstat.gov.by/upload-belstat/upload-belstat-pdf/o-belstate/Statistics Law 2026_20260602.pdf"
ex186,https://microdata.unhcr.org/index.php/catalog/1175/download/3826,saved (check by eye) pdf: page 1 of 68
ex188,https://ins-cameroun.cm/en/unhcr-seeks-the-expertise-of-the-ins/,saved (check by eye) screenshot: UNHCR SEEKS THE EXPERTISE OF THE INS – Institut National de la Statistique du Ca
ex191,https://microdata.unhcr.org/index.php/catalog/1421/download/4229,saved (check by eye) pdf: page 1 of 140
ex192,https://microdata.unhcr.org/index.php/catalog/1393,saved (check by eye) page-cover: https://microdata.unhcr.org/files/images/europe.jpg?v=1759839275
ex196,https://sesric.org/event-detail.php?id=3771,"saved (check by eye) screenshot: SESRIC - Statistical, Economic and Social Research and Training Centre for Islam"
ex197,https://microdata.unhcr.org/index.php/catalog/1057,saved (check by eye) page-cover: https://microdata.unhcr.org/files/images/europe.jpg?v=1712563349
ex198,https://crvs.unescap.org/news/report-workshop-inclusive-crvs-systems-focus-forced-displacement-statelessness-and-children,failed: HTTP 403 (also through the browser)
ex202,https://statafric.au.int/index.php/en/news/press-releases/2023-07-14/african-union-and-sweden-sign-second-phase-migration-statistics,failed: HTTP 403 (also through the browser)
ex205,https://data.unicef.org/resources/data-and-children-on-the-move-unpacking-relevant-terminology-concepts-and-data-sources/,failed: HTTP 403 (also through the browser)
ex207,https://data.unicef.org/resources/indicators-for-children-on-the-move/,failed: HTTP 403 (also through the browser)
ex211,https://data.unhcr.org/en/documents/details/99692,saved (check by eye) screenshot: Document - EAC International Migration Statistics Report - May 2022
ex214,https://reliefweb.int/report/ghana/ghana-registration-report-mop-north-and-shai-osudoku-september-2024,"saved (check by eye) page-pdf: page 1 of 2, https://reliefweb.int/attachments/f790252f-95db-43ee-9e4c-fb5481653055/Volta%20floods%20Registration%20Mopup%20Report%208-11%20CL%20revised.pdf"
ex216,https://dtm.iom.int/datasets/chad-site-and-village-assessment-lac-province-round-23,failed: HTTP 403 (also through the browser)
ex217,https://www.jointdatacenter.org/?p=68306,saved (check by eye) screenshot: Internally Displaced People in Mali|JDC
ex219,https://dtm.iom.int/reports/chad-situation-update-46-21-november-2024?close=true,failed: HTTP 403 (also through the browser)
ex226,https://uaps2024.popconf.org/abstracts/192405,saved (check by eye) screenshot: uaps2024
ex238,https://unstats.un.org/unsd/demographic-social/migrationstat-forum-2023/presentations/Plenary5/1.Silvere.pdf,saved (check by eye) pdf: page 1 of 10
ex246,https://unhabitat.org/sites/default/files/2026/09/pemba_urban_profile_2026.pdf,saved (check by eye) pdf: page 1 of 42
ex247,https://data.unhcr.org/en/documents/details/99693,saved (check by eye) screenshot: Document - IGAD Migration Statistics Report - October 2021
ex250,https://giz.de/de/downloads/giz2025-en-SIMPI-factsheet.pdf,saved (check by eye) pdf: page 1 of 2
ex267,https://repositorio.cepal.org/bitstreams/2359657e-4c3b-44cb-8719-269e103fe069/download,saved (check by eye) pdf: page 1 of 16
ex277,https://content-api.sesric.org/event-detail.php?id=3240,"saved (check by eye) screenshot: SESRIC - Statistical, Economic and Social Research and Training Centre for Islam"
ex286,https://data.unhcr.org/en/documents/details/124274,saved (check by eye) screenshot: Document - Hungary: Socio-Economic Insights Survey 2025 - Final Report (Septembe
ex287,https://statistica.gov.md/en/final-results-of-the-2024-population-and-housing-census-migration-10121_61958.html,"saved (check by eye) page-pdf: page 1 of 83, https://statistica.gov.md/files/files/Recensamint/Recesamint_2024/Chestionare/Acte_normative/Metodologia_RPL_de_recenzare_prelucrare.pdf"
ex289,https://data.unhcr.org/en/documents/details/119726,saved (check by eye) screenshot: Document - UNHCR ZAMCO FDS PRESS RELEASE
ex293,https://documents1.worldbank.org/curated/en/099022626224014785/pdf/P505739-7107d32c-e673-4613-841a-a985b430f3f4.pdf,saved (check by eye) pdf: page 1 of 70
ex294,https://www.jointdatacenter.org/activites/fdps-burundi/,saved (check by eye) screenshot: FDPs in Burundi|JDC
ex301,https://www.jointdatacenter.org/activites/internally-displaced-guatemala/,saved (check by eye) screenshot: Internally Displaced People in Guatemala|JDC
ex305,https://www.iadb.org/en/project/RG-T4896,failed: HTTP 403 (also through the browser)
ex314,https://www.jointdatacenter.org/wp-content/uploads/2024/04/JDC-Strategy2024-27.pdf,saved (check by eye) pdf: page 1 of 30
ex325,https://psa.gov.ph/survey,failed: HTTP 403 (also through the browser)
ex333,https://www.jointdatacenter.org/?p=63364,saved (check by eye) screenshot: Forced displacement in the eastern Democratic Republic of Congo|JDC
ex334,https://data.unhcr.org/en/documents/details/85273,saved (check by eye) screenshot: Document - Full Report- Understanding the Socioeconomic Conditions of Refugees i
ex338,https://www.worldbank.org/en/country/bangladesh/brief/cox-s-bazar-panel-survey-briefs,saved (check by eye) screenshot: Cox's Bazar Panel Survey Briefs
ex340,https://www.jointdatacenter.org/resources/publications-and-reports/venezuela-migration-report/,"saved (check by eye) page-pdf: page 1 of 58, https://www.jointdatacenter.org/wp-content/uploads/2024/03/Venezuelan-Migrants-and-Refugees-FINAL.pdf"
ex341,https://www.jointdatacenter.org/resources/publications-and-reports/venezuela-migration-report/,"saved (check by eye) page-pdf: page 1 of 58, https://www.jointdatacenter.org/wp-content/uploads/2024/03/Venezuelan-Migrants-and-Refugees-FINAL.pdf"
ex342,https://www.jointdatacenter.org/resources/publications-and-reports/venezuela-migration-report/,"saved (check by eye) page-pdf: page 1 of 58, https://www.jointdatacenter.org/wp-content/uploads/2024/03/Venezuelan-Migrants-and-Refugees-FINAL.pdf"
ex343,https://www.jointdatacenter.org/resources/publications-and-reports/venezuela-migration-report/,"saved (check by eye) page-pdf: page 1 of 58, https://www.jointdatacenter.org/wp-content/uploads/2024/03/Venezuelan-Migrants-and-Refugees-FINAL.pdf"
ex344,https://www.jointdatacenter.org/activites/unhcrs-microdata-library,saved (check by eye) screenshot: UNHCR’s Microdata Library|JDC
ex347,https://iraqdtm.iom.int/files/DurableSolutions/202216553131_iom_Iraq_Home_Again_Categorising_Obstacles_to_Returnee_Reintegration_in_Iraq.pdf,saved (check by eye) pdf: page 1 of 38
ex348,https://dtm.iom.int/reports/cameroon-%E2%80%94-return-intention-survey-round-10-august-2017,failed: HTTP 403 (also through the browser)
ex353,https://publications.iom.int/fr/node/2951,failed: HTTP 403 (also through the browser)
ex354,https://publications.iom.int/system/files/pdf/IOM-IDDS-2021_1.pdf,failed: HTTP 403 (also through the browser)
ex358,https://data.unhcr.org/en/documents/details/93791,saved (check by eye) screenshot: Document - UNHCR Global Trends Report 2021
ex360,https://www.unhcr.org/sites/default/files/2025-06/unhcr-statistical-quality-assurance-framework.pdf,failed: HTTP 403 (also through the browser)
ex361,https://statistics.unsdglearn.org/files/statistics/pdf/SDG16-Survey-Initiative-Implementation-manual_0.pdf,saved (check by eye) pdf: page 1 of 72
ex365,https://api.internal-displacement.org/sites/default/files/2019-GRID-methodology.pdf,saved (check by eye) pdf: page 1 of 31
ex373,https://data.unhcr.org/en/documents/details/99693,saved (check by eye) screenshot: Document - IGAD Migration Statistics Report - October 2021
ex379,https://www.hcp.ma/Atelier-technique-Vers-un-systeme-d-information-integre-et-harmonise-sur-les-migrations-internationales-de-la-main-d_a3088.html,saved (check by eye) screenshot: Atelier technique : « Vers un système d’information intégré et harmonisé sur les
ex382,https://www.jointdatacenter.org/activites/socioeconomic-survey-of-refugees-and-migrants-in-libya/,"saved (check by eye) page-pdf: page 1 of 43, https://www.jointdatacenter.org/wp-content/uploads/2023/02/JDC-Quarterly-Digest_January-2023.pdf"
ex383,https://www.jointdatacenter.org/wp-content/uploads/2026/06/Lisungi-project-report-FINAL-1.pdf,saved (check by eye) pdf: page 1 of 92
ex384,https://microdata.unhcr.org/index.php/catalog/1027,saved (check by eye) page-cover: https://microdata.unhcr.org/files/images/south_africa.jpg?v=1707789393
ex385,https://www.jointdatacenter.org/activites/internal-displacement-in-honduras/,saved (check by eye) screenshot: Internal Displacement in Honduras|JDC
ex386,https://microdata.worldbank.org/catalog/5328,saved (check by eye) page-cover: https://microdata.worldbank.org/files/images/UNHCR_thumbnail.jpg?v=1671217202
ex390,https://rtc-cea.cepal.org/sites/default/files/2023-05/Presentacio%CC%81n%20DANE%2024_05_23.pdf,saved (check by eye) pdf: page 1 of 22
ex393,https://migration.iom.int/sites/g/files/tmzbdl1461/files/reports/Evaluation%20rapide%20Secheresse%20OIM%20INSTAD%20Septembre%202022_final%20EN.pdf,failed: HTTP 403 (also through the browser)
ex398,https://anad.inseed.td/index.php/catalog/18,saved (check by eye) page-cover: https://anad.inseed.td/files/images/Social.PNG
ex400,https://unstats.un.org/unsd/demographic-social/migrationstat-forum-2023/presentations/D.1/4.Jean-Pierre-Ntezimana.pdf,saved (check by eye) pdf: page 1 of 13
ex401,https://unstats.un.org/unsd/demographic-social/migrationstat-forum-2023/presentations/D.1/4.Jean-Pierre-Ntezimana.pdf,saved (check by eye) pdf: page 1 of 13
ex405,https://www.comesa.int/wp-content/uploads/2023/08/COMESA-Report-on-Labour-Migration-Statistics-English.pdf,saved (check by eye) pdf: page 1 of 65
ex407,https://www.destatis.de/DE/Methoden/Qualitaet/Qualitaetsberichte/Bevoelkerung/schutzsuchende.pdf,saved (check by eye) screenshot: Qualitätsbericht - Statistik über Schutzsuchende - Statistisches Bundesamt
ex410,https://www.unhcr.org/blogs/improving-internal-displacement-statistics-in-central-america/,failed: HTTP 403 (also through the browser)
ex413,https://rtc-cea.cepal.org/sites/default/files/2023-05/Presentacio%CC%81n%20DANE%2024_05_23.pdf,saved (check by eye) pdf: page 1 of 22
