example_id,country,year,organisation,title,populations,source_url,cover_image,cover_url
ex001,South Africa,2023,STATISTICS SOUTH AFRICA,Migration Profile Report,NA,,covers/ex001.png,https://mitrovif.github.io/gain_sdg_workstream/covers/ex001.png
ex002,Rwanda,2024,DIRECTOR OF CENSUS,Refugees Thematic report published,refugees,,covers/ex002.png,https://mitrovif.github.io/gain_sdg_workstream/covers/ex002.png
ex004,Turkmenistan,2023,STATE COMMITTEE OF TURKMENISTAN ON STATISTICS,Population Census 2022 Turkmenistan,NA,https://www.stat.gov.tm/,covers/ex004.png,https://mitrovif.github.io/gain_sdg_workstream/covers/ex004.png
ex007,Kazakhstan,2023,AGENCY OF STATISTICS OF THE REPUBLIC OF KAZAKHSTAN,Census 2021,NA,https://stat.gov.kz/upload/medialibrary/75f/z2gxd3z3s8gsf7em4x4q5ahd87mgoc5m/%D0%9D%D0%B0%D1%81%D0%B5%D0%BB%D0%B5%D0%BD%D0%B8%D0%B5%201%20%D1%82%D0%BE%D0%BC.pdf,covers/ex007.png,https://mitrovif.github.io/gain_sdg_workstream/covers/ex007.png
ex008,Morocco,2024,HIGH COMMISSION FOR PLANNING,2024 General Population and Housing Census - Suryve Data,refugees,,covers/ex008.png,https://mitrovif.github.io/gain_sdg_workstream/covers/ex008.png
ex009,NA,2025,UNITED NATIONS RELIEF AND WORKS AGENCY FOR PALESTINE REFUGEES IN THE NEAR EAST (UNRWA),UNRWA digital identity verification 2025: Resident population estimate of Palestine Refugees in Lebanon,refugees,https://www.unrwa.org/resources/reports/palestinian-population-lebanon-findings-unrwa-digital-identity-verification,covers/ex009.png,https://mitrovif.github.io/gain_sdg_workstream/covers/ex009.png
ex010,Kyrgyzstan,2023,NATIONAL STATISTICAL COMMITTEE OF KYRGYZSTAN,Kyrgyz Republic Census,NA,,covers/ex010.png,https://mitrovif.github.io/gain_sdg_workstream/covers/ex010.png
ex011,Morocco,2024,HIGH COMMISSION FOR PLANNING,General Population and Housing Census of 2024,stateless,,covers/ex011.png,https://mitrovif.github.io/gain_sdg_workstream/covers/ex011.png
ex012,Netherlands (Kingdom of the),2025,STATISTICS NETHERLANDS,Report on asylum migrants (asylum seekers with a residence permit),refugees,https://longreads.cbs.nl/asielenintegratie-2025/,,
ex014,Morocco,2024,HIGH COMMISSION FOR PLANNING,"Survey on migrants' experiences on migration routes, assistance needs, abuses and risks, migrant smuggling, decision-mak",refugees;stateless,,covers/ex014.png,https://mitrovif.github.io/gain_sdg_workstream/covers/ex014.png
ex025,NA,2024,UNITED NATIONS ECONOMIC COMMISSION FOR EUROPE (UNECE),"Workshop on the International Recommendations on Statistics on Refugees, Internally Displaced Persons, and Statelessness",refugees;idps;stateless,https://unece.org/statistics/workshop/refugee2024,,
ex027,Liechtenstein,2023,OFFICE OF STATISTICS LIECHTENSTEIN,Asylum Statistics 2022,NA,https://www.statistikportal.li/de/themen/bevoelkerung/asylwesen,,
ex029,Germany,2024,FEDERAL STATISTICAL OFFICE OF GERMANY (DESTATIS),Proof of Concept: Estimating employment rates for refugees by statistically matching administrative and survey data,refugees,https://unece.org/sites/default/files/2024-04/0.Workshop.Panel1%20GER%20Eberle.pdf,,
ex030,Djibouti,2024,NATIONAL INSTITUTE OF STATISTICS (INSTAD),"3rd Population and Housing Census (RGPH-3) that was completed in the summer of this year, 2024.",refugees;idps;stateless,https://instad.dj/rgph,covers/ex030.png,https://mitrovif.github.io/gain_sdg_workstream/covers/ex030.png
ex032,Somalia,2023,JOINT IDP PROFILING SERVICES (JIPS),Support to the Government of Somalia to implement the IRIS,NA,,covers/ex032.png,https://mitrovif.github.io/gain_sdg_workstream/covers/ex032.png
ex037,Belarus,2025,NATIONAL STATISTICAL COMMITTEE OF THE REPUBLIC OF BELARUS,Foreign citizens and stateless persons permanently or temporarily residing or temporarily staying in the Republic of Bel,refugees;stateless,https://census.belstat.gov.by/sections/9,,
ex039,Egypt,2025,"CENTRAL AGENCY FOR PUBLIC MOBILIZATION AND STATISTICS, EGYPT",The Joint Assessment between the World Food Programme (WFP) and the United Nations High Commissioner for Refugees (UNHCR,refugees,,covers/ex039.png,https://mitrovif.github.io/gain_sdg_workstream/covers/ex039.png
ex041,NA,2025,UNITED NATIONS ECONOMIC COMMISSION FOR EUROPE (UNECE),"Publication ""Conference of European Statisticians Recommendations for the 2030 Round of Population and Housing Censuses""",refugees;idps;stateless;other,https://unece.org/statistics/population-and-housing-censuses,,
ex042,Greece,2023,MINISTRY OF MIGRATION AND ASYLUM,Asylum Procedures Report,NA,https://migration.gov.gr/statistika/,,
ex043,NA,2025,UNITED NATIONS ECONOMIC COMMISSION FOR EUROPE (UNECE),"Meeting of the UNECE Group of Experts on Statistics on Population and Migration (Geneva, 26-28 November 2025)",refugees;idps;stateless;other,https://unece.org/statistics/meeting/population%26migration2025,,
ex045,Nigeria,2024,NATIONAL BUREAU OF STATISTICS REAL SECTOR AND HOUSEHOLD STATISTICS DEPARTMENT,The NBS has implemented the first ever Survey on IDPs in seven selected states of Nigeria,idps,,covers/ex045.png,https://mitrovif.github.io/gain_sdg_workstream/covers/ex045.png
ex046,Belarus,2025,NATIONAL STATISTICAL COMMITTEE OF THE REPUBLIC OF BELARUS,study visit of the joint delegation of the Republic of Belarus to Baku (Republic of Azerbaijan) with the aim of studying,refugees;idps;stateless;other,https://mvd.gov.by/ru/news/15592,,
ex047,Greece,2023,MINISTRY OF MIGRATION AND ASYLUM,Unaccompanied minors Monthly Report,NA,https://migration.gov.gr/statistika/,,
ex048,Nigeria,2024,NATIONAL BUREAU OF STATISTICS REAL SECTOR AND HOUSEHOLD STATISTICS DEPARTMENT,partnering with International Organization to carryout administrative data collection IDPs in affected states of Nigeria,refugees;idps,,covers/ex048.png,https://mitrovif.github.io/gain_sdg_workstream/covers/ex048.png
ex051,Honduras,2024,INSTITUTO NACIONAL DE ESTADÍSTICA,INE Honduras in 2023 and 2024 has been collecting statistics on forced displacement in Honduras.,idps;other,,covers/ex051.png,https://mitrovif.github.io/gain_sdg_workstream/covers/ex051.png
ex052,Haiti,2025,INTERNATIONAL ORGANIZATION FOR MIGRATION (IOM),"Internal displacement exercises due to disasters and violence, especially in Haiti through the DTMParticipation in the C",idps,https://dtm.iom.int/reports/haiti-update-displacement-situation-spontaneous-sites-september-2025?close=true,,
ex053,United Kingdom,2023,OFFICE FOR NATIONAL STATISTICS (ONS),"the inclusion of asylum seekers in Long-term international migration, provisional: year ending December 2022 Experimenta",NA,https://www.ons.gov.uk/peoplepopulationandcommunity/,covers/ex053.png,https://mitrovif.github.io/gain_sdg_workstream/covers/ex053.png
ex055,Haiti,2025,INTERNATIONAL ORGANIZATION FOR MIGRATION (IOM),Monthly monitoring of internal displacement in Haiti,idps,https://dtm.iom.int/reports/haiti-information-sheet-displacement-situation-haiti-round-11-september-2025?close=true,,
ex056,United Kingdom,2023,OFFICE FOR NATIONAL STATISTICS (ONS),Early integration outcomes for refugees resettled in England and Wales: 2015 to 2021 New analysis on refugees resettled ,NA,https://www.ons.gov.uk/peoplepopulationandcommunity/,covers/ex056.png,https://mitrovif.github.io/gain_sdg_workstream/covers/ex056.png
ex058,Honduras,2024,INSTITUTO NACIONAL DE ESTADÍSTICA,"Honduras, leads the working group for the Practical Guide for the production of harmonized statistics on forced displace",refugees;idps;stateless;other,https://rtc-cea.cepal.org/es/grupo-trabajo/guia-practica-para-la-produccion-de-estadisticas-armonizadas-sobre-desplazamiento,covers/ex058.png,https://mitrovif.github.io/gain_sdg_workstream/covers/ex058.png
ex060,Belarus,2023,MINISTRY OF INTERIOR,Production of statistical data,NA,https://www.mvd.gov.by/ru/page/departament-po-grazhdanstvu-i-migraci/vynuzhdennaya-migraciya,,
ex062,State of Palestine,2025,PALESTINIAN CENTRAL BUREAU OF STATISTICS (PCBS),Multi-indicator cluster survey (mics),refugees;idps,,covers/ex062.png,https://mitrovif.github.io/gain_sdg_workstream/covers/ex062.png
ex064,Thailand,2024,UNITED NATIONS HIGH COMMISSIONER FOR REFUGEES (UNHCR),Thailand 2025 Population and Housing Census,stateless,,covers/ex064.png,https://mitrovif.github.io/gain_sdg_workstream/covers/ex064.png
ex065,Liechtenstein,2025,OFFICE OF STATISTICS LIECHTENSTEIN,Asylum Statistics 2023,refugees,https://www.statistikportal.li/de/themen/bevoelkerung/asylwesen,,
ex066,Jordan,2023,JORDAN DEPARTMENT OF STATISTICS,General Population and Housing Census 2015,NA,https://dosweb.dos.gov.jo/ar/censuses/population_housing/census2015/census2015_tables/,covers/ex066.png,https://mitrovif.github.io/gain_sdg_workstream/covers/ex066.png
ex067,Indonesia,2024,UNITED NATIONS HIGH COMMISSIONER FOR REFUGEES (UNHCR),Indonesia 2025 Intercensal Population Survey (SUPAS),refugees,,covers/ex067.png,https://mitrovif.github.io/gain_sdg_workstream/covers/ex067.png
ex068,Liechtenstein,2025,OFFICE OF STATISTICS LIECHTENSTEIN,Asylum Statistics 2024,refugees,https://www.statistikportal.li/de/themen/bevoelkerung/asylwesen,,
ex069,Jordan,2023,JORDAN DEPARTMENT OF STATISTICS,A comprehensive population census in Azraq and Zaatari camps,NA,,covers/ex069.png,https://mitrovif.github.io/gain_sdg_workstream/covers/ex069.png
ex081,Estonia,2023,STATISTICS ESTONIA,Ukrainians in the Estonian labour market,NA,https://www.stat.ee/en/find-statistics/short-term-statistics/ukrainians-estonian-labour-market,,
ex082,Mali,2024,UNITED NATIONS HIGH COMMISSIONER FOR REFUGEES (UNHCR),EMOP,idps;other,,covers/ex082.png,https://mitrovif.github.io/gain_sdg_workstream/covers/ex082.png
ex084,Spain,2023,NATIONAL STATISTICS INSTITUTE (INE),Ukrainians in Spain,NA,https://www.ine.es/infografias/ucranianos/ucranianos.htm,covers/ex084.png,https://mitrovif.github.io/gain_sdg_workstream/covers/ex084.png
ex087,France,2023,NATIONAL INSTITUTE OF STATISTICS AND ECONOMIC STUDIES (INSEE),Homeless Survey 2025,NA,https://www.insee.fr/fr/information/7634303,,
ex090,France,2023,NATIONAL INSTITUTE OF STATISTICS AND ECONOMIC STUDIES (INSEE),Trajectories and origins survey 2,NA,https://www.insee.fr/fr/statistiques/6793391,,
ex092,Belgium,2025,BELGIAN HOME AFFAIRS FEDERAL PUBLIC SERVICE – IMMIGRATION OFFICE,Extension of publications on family members of refugees and persons benefiting from subsidiary protection,refugees,https://dofi.ibz.be/sites/default/files/2025-10/annexes_2.xlsx,,
ex093,France,2023,NATIONAL INSTITUTE OF STATISTICS AND ECONOMIC STUDIES (INSEE),INSEE publication references Immigrants and descendants of immigrants,NA,https://www.insee.fr/fr/statistiques/6793306?sommaire=6793391,covers/ex093.png,https://mitrovif.github.io/gain_sdg_workstream/covers/ex093.png
ex105,Jordan,2025,JORDAN DEPARTMENT OF STATISTICS,"A question was included in the labor force survey, the second round in 2025, question number 212: “What is the main reas",refugees,https://dosweb.dos.gov.jo/DataBank/Labour_Force/Employment_Unemployment/Labor_Force_Survey_questionnaire_2024.pdf,covers/ex105.png,https://mitrovif.github.io/gain_sdg_workstream/covers/ex105.png
ex107,NA,2025,WORLD BANK (WB),Created the SSA Refugee Camp Data Base,refugees,,covers/ex107.png,https://mitrovif.github.io/gain_sdg_workstream/covers/ex107.png
ex109,NA,2024,JOINT IDP PROFILING SERVICES (JIPS),"UNDP-JIPS publication: Monitoring progress towards solutions to internal displacement, a development oriented indicator ",idps,https://www.jips.org/jips-publication/monitoring-progress-towards-solutions-to-internal-displacement-a-development-oriented-indicator-framework-undp-jips-2024/,,
ex111,Norway,2023,STATISTICS NORWAY,Internal movements of asylum seekers/refugees,NA,https://www.ssb.no/befolkning/flytting/artikler/tidlige-asylflyttinger-i-perioden-2013-2022/_/attachment/inline/a8e35027-dda5-4a5a-94b5-8bd5d22e4a4c:dda1a4c30ebb5758191abe7900b03a39e8cc44dd/NOT2023-43.pdf,covers/ex111.png,https://mitrovif.github.io/gain_sdg_workstream/covers/ex111.png
ex112,Kenya,2024,KENYA NATIONAL BUREAU OF STATISTICS,"Kenya National Bureau of Statistics (KNBS) has included two refugee camps namely, Kakuma and Daadab in the sampling fram",refugees,,covers/ex112.png,https://mitrovif.github.io/gain_sdg_workstream/covers/ex112.png
ex113,Burkina Faso,2025,NATIONAL INSTITUTE OF STATISTICS AND DEMOGRAPHY (INSD),Socio-economic survey of households of internally displaced persons and hosts in 6 regions of Burkina Faso,idps;other,,covers/ex113.png,https://mitrovif.github.io/gain_sdg_workstream/covers/ex113.png
ex114,Kenya,2024,KENYA NATIONAL BUREAU OF STATISTICS,UNHCR did a follow-up survey on the Shona community after acquisition of citizenship,stateless,https://data.unhcr.org/en/documents/details/111718,covers/ex114.png,https://mitrovif.github.io/gain_sdg_workstream/covers/ex114.png
ex115,Burkina Faso,2025,NATIONAL INSTITUTE OF STATISTICS AND DEMOGRAPHY (INSD),Study on the living conditions of forced displaced persons: baseline survey,idps,,covers/ex115.png,https://mitrovif.github.io/gain_sdg_workstream/covers/ex115.png
ex116,Kenya,2024,KENYA NATIONAL BUREAU OF STATISTICS,KNBS is continuously collecting annual data on Registered Refugees and Asylum Seekers from the Department for Refugee Se,refugees,https://www.knbs.or.ke/reports/2024-economic-survey/,covers/ex116.png,https://mitrovif.github.io/gain_sdg_workstream/covers/ex116.png
ex118,Norway,2023,STATISTICS NORWAY,How do refugees fare in the Norwegian education system?,NA,https://www.ssb.no/befolkning/innvandrere/artikler/hvordan-presterer-flyktninger-pa-skolebenken,covers/ex118.png,https://mitrovif.github.io/gain_sdg_workstream/covers/ex118.png
ex122,Netherlands (Kingdom of the),2023,STATISTICS NETHERLANDS,The Report on Integration and Society (in Dutch: Report on Integration and Society),NA,https://www.cbs.nl/nl-nl/publicatie/2022/46/rapportage-integratie-en-samenleven-2022,,
ex124,NA,2025,AFRICAN UNION (AU),4th African School on Migration Statistics,refugees;idps;stateless,https://statafric.au.int/en/news/press-releases/2025-09-04/4th-african-school-migration-statistics,,
ex125,Canada,2023,STATS CANADA,Census of Population,NA,https://www12.statcan.gc.ca/census-recensement/index-eng.cfm,,
ex127,Canada,2023,STATS CANADA,Longitudinal Immigration Database,NA,https://www23.statcan.gc.ca/imdb/p2SV.pl?Function=getSurvey&SDDS=5057&lang=en&db=imdb&adm=8&dis=2,,
ex132,Norway,2024,STATISTICS NORWAY,"Statistics on refugees with collective protection who have completed the introduction program, employment: https://www.s",refugees,https://www.ssb.no/arbeid-og-lonn/sysselsetting/artikler/ukrainske-flyktninger-etter-introduksjonsprogram-pa-arbeidsmarkedet,,
ex133,NA,2025,INTERNATIONAL ORGANIZATION FOR MIGRATION (IOM),IOM Asia-Pacific Migration Data Report 2025,refugees;idps;other,https://roasiapacific.iom.int/sites/g/files/tmzbdl671/files/documents/2025-11/ap_mdr-2025-.pdf,,
ex135,Norway,2024,STATISTICS NORWAY,Ukrainian refugees in employment: https://www.ssb.no/arbeid-og-lonn/sysselsetting/artikler/en-av-tre-ukrainere-er-i-jobb,refugees,https://www.ssb.no/arbeid-og-lonn/sysselsetting/artikler/en-av-tre-ukrainere-er-i-jobb,,
ex138,Norway,2024,STATISTICS NORWAY,Youth with an immigrant background in employment and education: https://www.ssb.no/arbeid-og-lonn/unge-med-innvandrerbak,NA,https://www.ssb.no/arbeid-og-lonn/unge-med-innvandrerbakgrunn-i-arbeid-og-utdanning,,
ex139,Norway,2025,STATISTICS NORWAY,"Refugees in and outside the Labour Marked, 2023",refugees,https://www.ssb.no/arbeid-og-lonn/sysselsetting/artikler/flyktninger-i-og-utenfor-arbeidsmarkedet-2023,covers/ex139.png,https://mitrovif.github.io/gain_sdg_workstream/covers/ex139.png
ex140,NA,2023,EAST AFRICAN COMMUNITY (EAC),EAC Migration Statistics Report Edition Two - under the AUC/EAC/SCB Coorperation Project on migration statistics,NA,https://eac.opendataforafrica.org/kvimbte/documents,,
ex141,Norway,2025,STATISTICS NORWAY,"Unaccompanied Minor Refugees, 2023",refugees,https://www.ssb.no/befolkning/innvandrere/artikler/mange-enslige-mindrearige-flyktninger-fra-ukraina,covers/ex141.png,https://mitrovif.github.io/gain_sdg_workstream/covers/ex141.png
ex151,Democratic Republic of the Congo,2025,NATIONAL INSTITUTE OF STATISTICS (INS) - DRC,The Survey on Household Living Conditions,refugees;idps,,covers/ex151.png,https://mitrovif.github.io/gain_sdg_workstream/covers/ex151.png
ex153,Uganda,2024,INTERNAL DISPLACEMENT MONITORING CENTRE (IDMC),"Red Crescent Society of Uganda: Similar to the South Africa request, we provided an overview of the internal displacemen",idps,,covers/ex153.png,https://mitrovif.github.io/gain_sdg_workstream/covers/ex153.png
ex158,NA,2023,UNITED NATIONS STATISTICAL INSTITUTE FOR ASIA AND THE PACIFIC (UNSIAP),E-Learning course on Introduction to International Recommendations on Refugee and IDP (Internally Displaced Person) Stat,NA,https://siap-elearning.org/course/view.php?id=195,,
ex161,Poland,2023,STATISTICS POLAND,Health of refugees from Ukraine to Poland 2022 - survey and research report in cooperation with WHO,NA,https://stat.gov.pl/wydarzenia/wydarzenia-miedzynarodowe/health-of-refugees-from-ukraine-in-poland-2022-survey-findings,covers/ex161.png,https://mitrovif.github.io/gain_sdg_workstream/covers/ex161.png
ex164,NA,2023,UNITED NATIONS HIGH COMMISSIONER FOR REFUGEES (UNHCR),Modelling the age and sex of refugees,NA,https://www.unhcr.org/refugee-statistics/download/?url=zaNQ6d,,
ex168,Marshall Islands,2024,INTERNAL DISPLACEMENT MONITORING CENTRE (IDMC),October / Marshall Islands: Provided feedback and input to NDMO forms and surveys on disaster impacts shared by IOM. Thi,idps,,covers/ex168.png,https://mitrovif.github.io/gain_sdg_workstream/covers/ex168.png
ex170,NA,2023,"EUROSTAT, EUROPEAN COMMISSION (EUROSTAT)",Redeveloping European statistics on population and housing (ESOP),NA,https://eur-lex.europa.eu/legal-content/EN/TXT/?uri=CELEX%3A52023PC0031,,
ex172,NA,2023,UNITED NATIONS ECONOMIC AND SOCIAL COMMISSION FOR WESTERN ASIA (UN-ESCWA),Supporting the Enhancement and Modernization of Demographic and Social Statistics in Arab states,NA,https://manara.as-rcp.org/home,,
ex173,NA,2024,UNITED NATIONS STATISTICAL INSTITUTE FOR ASIA AND THE PACIFIC (UNSIAP),"E-learning course (International Recommendations on Refugee, IDP and Statelessness Statistics)",refugees;idps;stateless,https://siap-elearning.org/course/view.php?id=212,,
ex175,NA,2023,COMMON MARKET FOR EASTERN AND SOUTHERN AFRICA (COMESA),Capacity Development in Migration Statistics,NA,https://comesa.opendataforafrica.org/data#topic=Migration+statistics,,
ex177,Mexico,2025,NATIONAL INSTITUTE OF STATISTICS AND GEOGRAPHY (INEGI),National Survey of Victimization and Perception of Public Safety,idps,https://www.inegi.org.mx/programas/envipe/2025/#datos_abiertos,covers/ex177.png,https://mitrovif.github.io/gain_sdg_workstream/covers/ex177.png
ex181,NA,2023,UNITED NATIONS CHILDREN’S FUND (UNICEF),"Guidance Note: ""Responsible Disaggregation of Data on Refugee and Other Forcibly Displaced Children""",NA,https://data.unicef.org/resources/responsible-disaggregation-of-data-on-refugee-children/,,
ex184,Jordan,2024,JORDAN DEPARTMENT OF STATISTICS,Refugee questions were included in the labor force survey,refugees,https://dosweb.dos.gov.jo/labourforce/employment-and-unemployment/,covers/ex184.png,https://mitrovif.github.io/gain_sdg_workstream/covers/ex184.png
ex185,Armenia,2025,ARMSTAT,Digitalized Administrative source (Migration and Citizenship Service of the M-stry of Interior) of asylum seekers and re,refugees;other,https://www.armstat.am/file/doc/99552283.pdf,covers/ex185.png,https://mitrovif.github.io/gain_sdg_workstream/covers/ex185.png
ex186,South Sudan,2025,UNITED NATIONS HIGH COMMISSIONER FOR REFUGEES (UNHCR),FDS South Sudan,refugees,https://www.unhcr.org/publications/forced-displacement-survey-south-sudan-2023,,
ex187,Slovenia,2024,STATISTICAL OFFICE OF THE REPUBLIC OF SLOVENIA (SURS),All data are collected in administrative databases of Ministry of the Interior,refugees;stateless;other,https://www.gov.si/podrocja/drzava-in-druzba/priseljevanje-v-slovenijo/,,
ex191,Pakistan,2025,UNITED NATIONS HIGH COMMISSIONER FOR REFUGEES (UNHCR),FDS Pakistan,refugees,https://www.unhcr.org/publications/forced-displacement-survey-pakistan-2024,,
ex197,NA,2023,UNITED NATIONS HIGH COMMISSIONER FOR REFUGEES (UNHCR),2023 Regional Multi-Sectoral Needs Assessment for the Ukraine Situation,NA,https://docs.google.com/spreadsheets/d/1nzFxYTW_G0EAH8q1V2a7RxMuCT3naxbLiWZoGRidnf8/edit#gid=1247084133,,
ex200,NA,2023,UNITED NATIONS HIGH COMMISSIONER FOR REFUGEES (UNHCR),Intentions Surveys with Refugee from Ukraine,NA,https://data.unhcr.org/en/documents/details/101747,,
ex201,Colombia,2025,VICTIMS UNIT,"Massive events in Colombia: memory, figures and current dynamics",idps,https://datospaz.unidadvictimas.gov.co/,,
ex204,Colombia,2025,VICTIMS UNIT,FORCED DISPLACEMENT REPORT II SEMESTER 2024,idps,https://datospaz.unidadvictimas.gov.co/,covers/ex204.png,https://mitrovif.github.io/gain_sdg_workstream/covers/ex204.png
ex208,Cambodia,2024,"NATIONAL INSTITUTE OF STATISTICS, MINISTRY OF PLANNING CAMBODIA",Cambodia Inter-Censal Population Survey,idps,,covers/ex208.png,https://mitrovif.github.io/gain_sdg_workstream/covers/ex208.png
ex211,NA,2025,EAST AFRICAN COMMUNITY (EAC),EAC MIGRATION STATISTICS REPORT EDITION THREE,refugees;stateless;other,https://1drv.ms/x/c/6f0dc8733af28b03/IQAUVfA6bR7bRLHA1Ob8eOvhAXfTw55wLWXpP2jrK_eN1w4?e=E9wTxU,,
ex212,United Kingdom,2023,OFFICE FOR NATIONAL STATISTICS (ONS),Early integration outcomes for refugees resettled in England and Wales: 2015 to 2021.,NA,,covers/ex212.png,https://mitrovif.github.io/gain_sdg_workstream/covers/ex212.png
ex213,United Kingdom,2023,OFFICE FOR NATIONAL STATISTICS (ONS),Refugee Integration Outcomes,NA,https://www.ons.gov.uk/peoplepopulationandcommunity/populationandmigration/internationalmigration/methodologies/refugeeintegrationoutcomesriodatalinkagepilot,covers/ex213.png,https://mitrovif.github.io/gain_sdg_workstream/covers/ex213.png
ex214,Ghana,2024,INTERNATIONAL ORGANIZATION FOR MIGRATION (IOM),2024 Ghana Registration Survey,idps,https://dtm.iom.int/reports/ghana-registration-report-mop-north-and-shai-osudoku-september-2024?close=true,,
ex215,United Kingdom,2023,OFFICE FOR NATIONAL STATISTICS (ONS),"Published statistics relating to refugees, asylum seekers and irregular migrants.",NA,https://www.gov.uk/government/collections/migration-statistics,,
ex216,NA,2024,INTERNATIONAL ORGANIZATION FOR MIGRATION (IOM),Data collection on internally displaced persons all over Chad,idps;other,https://dtm.iom.int/datasets/chad-site-and-village-assessment-lac-province-round-23,,
ex218,Armenia,2023,ARMSTAT,The results of 2022 Population Census in the Republic of Armenia,NA,https://www.arlis.am/DocumentView.aspx?DocID=167733,covers/ex218.png,https://mitrovif.github.io/gain_sdg_workstream/covers/ex218.png
ex219,NA,2024,INTERNATIONAL ORGANIZATION FOR MIGRATION (IOM),Data collection and site management of Chadian returnees from Sudan,other,https://dtm.iom.int/reports/chad-situation-update-46-21-november-2024?close=true,,
ex224,Colombia,2023,NATIONAL ADMINISTRATIVE DEPARTMENT OF STATISTICS (DANE),DANE Inter-Administrative Agreement - Victims Unit,NA,,covers/ex224.png,https://mitrovif.github.io/gain_sdg_workstream/covers/ex224.png
ex231,Norway,2024,STATISTICS NORWAY,Resettlement refugees,refugees,https://www.ssb.no/befolkning/innvandrere/artikler/overforingsflyktninger-i-norge-2023,,
ex234,Norway,2024,STATISTICS NORWAY,Unregistered Emigration from Norway: Mapping the Extent,refugees;other,https://www.ssb.no/befolkning/flytting/artikler/uregistrert-utvandring-fra-norge,covers/ex234.png,https://mitrovif.github.io/gain_sdg_workstream/covers/ex234.png
ex235,Poland,2025,STATISTICS POLAND,HEALTH OF REFUGEES IN UKRAINE,refugees,,covers/ex235.png,https://mitrovif.github.io/gain_sdg_workstream/covers/ex235.png
ex236,Norway,2024,STATISTICS NORWAY,"Refugees and the Labour Market, Monitor 2022",refugees,https://www.ssb.no/arbeid-og-lonn/flyktninger-og-arbeidsmarkedet,covers/ex236.png,https://mitrovif.github.io/gain_sdg_workstream/covers/ex236.png
ex237,Slovenia,2025,STATISTICAL OFFICE OF THE REPUBLIC OF SLOVENIA (SURS),In accordance with Regulation (EC) No 862/2007 and Regulation (EU) 2020/851 on Community statistics on migration and int,refugees;idps;other,https://www.gov.si/podrocja/drzava-in-druzba/priseljevanje-v-slovenijo/,,
ex239,Norway,2024,STATISTICS NORWAY,"Unaccompanied Minor Refugees 1996-2022, Monitor: Demographics, Education, Employment, and Income",refugees,https://www.ssb.no/befolkning/innvandrere/artikler/enslige-mindrearige-flyktninger-19962022,,
ex240,NA,2025,ASIAN DEVELOPMENT BANK (ADB),Publication: Towards Durable Solutions: Mapping and Analysis of Displacement Data in Asia and the Pacific,refugees;idps,https://www.adb.org/publications/displacement-data-asia-pacific,,
ex242,Norway,2024,STATISTICS NORWAY,Transition to Norwegian Citizenship 1977-2023,refugees;other,https://www.ssb.no/befolkning/innvandrere/artikler/overgang-til-norsk-statsborgerskap-1977-2023,,
ex245,Norway,2024,STATISTICS NORWAY,"Ukrainians in Employment in Norway,",refugees,https://www.ssb.no/arbeid-og-lonn/sysselsetting/artikler/en-av-tre-ukrainere-er-i-jobb,,
ex248,Norway,2024,STATISTICS NORWAY,Income of Refugees Settled Between 2015 and 2018,refugees,https://www.ssb.no/inntekt-og-forbruk/inntekt-og-formue/artikler/inntektene-til-flyktninger-bosatt-mellom-2015-og-2018,,
ex249,Mauritania,2025,UNITED NATIONS HIGH COMMISSIONER FOR REFUGEES (UNHCR),Permanent surveys on household living conditions (EPCV) - 2025-26,refugees;other,https://ansade.mr/fr/category/operations-statistiques/epcv/,,
ex251,Mauritania,2025,UNITED NATIONS HIGH COMMISSIONER FOR REFUGEES (UNHCR),Multiple Indicator Cluster Surveys (MICS) – 2026,refugees;other,https://ansade.mr/fr/category/operations-statistiques/mics-5/,,
ex253,Italy,2024,NATIONAL INSTITUTE OF STATISTICS (ISTAT),"We produced an integrated and longitudinal dataset using data derived from residence permits, from Population Register a",refugees;other,https://unece.org/sites/default/files/2024-04/2.Refugees%20WP1%20ITA%20Conti%20Pangallo.pdf,covers/ex253.png,https://mitrovif.github.io/gain_sdg_workstream/covers/ex253.png
ex255,Peru,2023,WORLD BANK-UNHCR JOINT DATA CENTER ON FORCED DISPLACEMENT (JDC),Peru: Extending Peru's National Household Survey (ENAHO) to the Venezuelan Refugee and Migrant Population,NA,,covers/ex255.png,https://mitrovif.github.io/gain_sdg_workstream/covers/ex255.png
ex256,Italy,2024,NATIONAL INSTITUTE OF STATISTICS (ISTAT),A sample of refugees women will be included in the next survey about the violence on women,NA,,covers/ex256.png,https://mitrovif.github.io/gain_sdg_workstream/covers/ex256.png
ex259,Italy,2024,NATIONAL INSTITUTE OF STATISTICS (ISTAT),We contributed to a study conducted by UNHCR in Italy about the socio-economic integration of refugees,refugees;other,,covers/ex259.png,https://mitrovif.github.io/gain_sdg_workstream/covers/ex259.png
ex261,Italy,2024,NATIONAL INSTITUTE OF STATISTICS (ISTAT),We included in a survey on children and young people (aged 11-19 years) a sample of young Ukrainians in Italy. We cooper,other,https://unece.org/sites/default/files/2024-02/2Innov%20ITA_ENG_0.pdf,covers/ex261.png,https://mitrovif.github.io/gain_sdg_workstream/covers/ex261.png
ex262,Honduras,2025,INSTITUTO NACIONAL DE ESTADÍSTICA,module on PDI in the household survey,idps,,covers/ex262.png,https://mitrovif.github.io/gain_sdg_workstream/covers/ex262.png
ex264,State of Palestine,2024,PALESTINIAN CENTRAL BUREAU OF STATISTICS (PCBS),Field Surveys: Labor Force Survey,refugees,https://pcbs.gov.ps/portals/_pcbs/PressRelease/Press_En_LFSQ022024E.pdf,covers/ex264.png,https://mitrovif.github.io/gain_sdg_workstream/covers/ex264.png
ex266,State of Palestine,2024,PALESTINIAN CENTRAL BUREAU OF STATISTICS (PCBS),Social and economic conditions of Palestinian families in the Gaza Strip in light of the Israeli aggression on the Gaza ,refugees;idps,,covers/ex266.png,https://mitrovif.github.io/gain_sdg_workstream/covers/ex266.png
ex267,NA,2025,JOINT IDP PROFILING SERVICES (JIPS),Regional standard on forced displacement and migration statistics CEPAL - LAC,refugees;idps,https://rtc-cea.cepal.org/es/working-groups,,
ex268,State of Palestine,2024,PALESTINIAN CENTRAL BUREAU OF STATISTICS (PCBS),Administrative records available at international organizations (UNRWA),refugees,,covers/ex268.png,https://mitrovif.github.io/gain_sdg_workstream/covers/ex268.png
ex270,State of Palestine,2024,PALESTINIAN CENTRAL BUREAU OF STATISTICS (PCBS),"Participation in a training workshop on international recommendations on statistics of refugees, internally displaced pe",refugees;idps;stateless,,covers/ex270.png,https://mitrovif.github.io/gain_sdg_workstream/covers/ex270.png
ex272,Greece,2024,MINISTRY OF MIGRATION AND ASYLUM,"Monthly report regarding receptiom, asylum and integration procedures that is being uploaded on the website of ministry ",refugees;stateless,https://migration.gov.gr/en/statistika/,,
ex273,Azerbaijan,2025,STATE STATISTICAL COMMITTEE OF THE REPUBLIC OF AZERBAIJAN,Administrative database,refugees;idps,https://stat.gov.az/menu/4/e-reports/az/15/015.php,,
ex274,Poland,2024,STATISTICAL OFFICE IN RZESZÓW,Health of refugees from Ukraine. A comparative analysis of 2022-2023 surveys and data innovations.,refugees,https://stat.gov.pl/en/events/international-events/ukrainian-refugee-health-research-2022-2023-and-data-innovation,covers/ex274.png,https://mitrovif.github.io/gain_sdg_workstream/covers/ex274.png
ex277,NA,2024,"STATISTICAL, ECONOMIC AND SOCIAL RESEARCH AND TRAINING CENTRE FOR ISLAMIC COUNTRIES (SESRIC)",Training Course on 'Migration and Refugee Statistics',refugees,http://www.oicstatcom.org/statcab.php,,
ex279,Colombia,2024,VICTIMS UNIT,Diagnosis on the Single Registry of Victims,idps,https://www.unidadvictimas.gov.co/registro-unico-de-victimas-ruv/,,
ex282,Italy,2025,NATIONAL INSTITUTE OF STATISTICS (ISTAT),Acquisition of new data sources - microdata on asylum applications and decisions,refugees;other,https://unece.org/sites/default/files/2025-11/10_Paper_Refugees_Italy_0.pdf,,
ex284,Italy,2025,NATIONAL INSTITUTE OF STATISTICS (ISTAT),Enhanced the use of record linkage techniques to connect administrative data with other databases (marriages and acquisi,refugees;other,https://unece.org/sites/default/files/2025-11/10_Paper_Refugees_Italy_0.pdf,,
ex285,Mexico,2024,NATIONAL INSTITUTE OF STATISTICS AND GEOGRAPHY (INEGI),Integrate and calibrate the expansion factors from both ENVIPE 2018 and ENADID 2018,idps,https://danserca.github.io/DFIM/index.html,,
ex287,Republic of Moldova,2024,NATIONAL BUREAU OF STATISTICS,NBS has included in the 2024 Population and Housing Census dedicated questions to be able to estimate de number of refug,refugees;idps;stateless,https://statistica.gov.md/ro/chestionare-de-recensamant-10011_60363.html,,
ex304,NA,2024,WORLD BANK-UNHCR JOINT DATA CENTER ON FORCED DISPLACEMENT (JDC),Regional: Transfer learning to increase the frequency of socioeconomic estimates in forced displacement contexts,refugees,,covers/ex304.png,https://mitrovif.github.io/gain_sdg_workstream/covers/ex304.png
ex307,Belize,2025,INTER-AMERICAN DEVELOPMENT BANK (IDB),Support to the Statistical Institute of Belize in the preparation of a thematic report on migration based on the 2022 ce,refugees;other,https://sib.org.bz/wp-content/uploads/20251020_BelizeCensusMigrationReport.pdf,covers/ex307.png,https://mitrovif.github.io/gain_sdg_workstream/covers/ex307.png
ex309,Honduras,2025,INTER-AMERICAN DEVELOPMENT BANK (IDB),Production of two studies on returnees in Honduras using administrative data gathered at reception centers and in follow,other,http://dx.doi.org/10.18235/0013760,covers/ex309.png,https://mitrovif.github.io/gain_sdg_workstream/covers/ex309.png
ex316,Malawi,2024,WORLD BANK-UNHCR JOINT DATA CENTER ON FORCED DISPLACEMENT (JDC),Malawi: Inclusion of refugees in Malawi's Integrated Household Survey (IHS) 2024,refugees,,covers/ex316.png,https://mitrovif.github.io/gain_sdg_workstream/covers/ex316.png
ex318,Iraq,2024,KURDISTAN REGION STATISTICS OFFICE,Census,refugees;idps;other,,covers/ex318.png,https://mitrovif.github.io/gain_sdg_workstream/covers/ex318.png
ex319,Uganda,2024,UGANDA BUREAU OF STATISTICS (UBOS),THE 2024 NATIONAL POPULATION AND HOUSING CENSUS (NPHC 2024),refugees;stateless,,covers/ex319.png,https://mitrovif.github.io/gain_sdg_workstream/covers/ex319.png
ex320,Uganda,2024,UGANDA BUREAU OF STATISTICS (UBOS),"THE UGANDA NATIONAL INTEGRATED SURVEY, 2024/25 (UHIS 2024/25)",refugees,,covers/ex320.png,https://mitrovif.github.io/gain_sdg_workstream/covers/ex320.png
ex321,Uganda,2024,UGANDA BUREAU OF STATISTICS (UBOS),"THE UGANDA MALARIA INDICATOR SURVEY, 2024/25 (UMIS, 2024/25)",refugees,,covers/ex321.png,https://mitrovif.github.io/gain_sdg_workstream/covers/ex321.png
ex322,Uganda,2024,UGANDA BUREAU OF STATISTICS (UBOS),"THE UGANDA NATIONAL GOVERNANCE, PEACE AND SECURITY SURVEY, 2024/25 (UNGPS 2024/25)",refugees,,covers/ex322.png,https://mitrovif.github.io/gain_sdg_workstream/covers/ex322.png
ex324,Philippines,2024,PHILIPPINE STATISTICS AUTHORITY,Birth Registration Assistance Project,idps;stateless,,covers/ex324.png,https://mitrovif.github.io/gain_sdg_workstream/covers/ex324.png
ex325,Philippines,2024,PHILIPPINE STATISTICS AUTHORITY,2024 Census of Population and Community Based Monitoring System,idps;stateless,https://psa.gov.ph/system/files/cbms/2024-POPCEN-CBMS-Form-2-HPQ%20ao-06192024_with%20Form%203_with%20watermark.pdf,,
ex326,Philippines,2024,PHILIPPINE STATISTICS AUTHORITY,Registration of Undocumented Filipinos in Sabah,stateless,,covers/ex326.png,https://mitrovif.github.io/gain_sdg_workstream/covers/ex326.png
ex327,Kosovo,2024,KOSOVO AGENCY OF STATISTICS,Kosovo Census 2024,refugees;idps;stateless,https://askapi.rks-gov.net/Custom/c973a3e6-790c-47e7-924b-4e9f5d745aec.pdf,covers/ex327.png,https://mitrovif.github.io/gain_sdg_workstream/covers/ex327.png
ex328,Jordan,2021,WORLD BANK-UNHCR JOINT DATA CENTER ON FORCED DISPLACEMENT (JDC),Integrating Syrian forcibly displaced populations into Covid-19 High Frequency Phone Surveys,NA,https://www.jointdatacenter.org/integrating-forcibly-displaced-populations-into-covid-19-high-frequency-phone-surveys/,,
ex335,Ethiopia,2021,WORLD BANK-UNHCR JOINT DATA CENTER ON FORCED DISPLACEMENT (JDC),Integrating Forcibly Displaced Populations into Covid-19 High Frequency Phone Surveys,NA,https://www.jointdatacenter.org/integrating-forcibly-displaced-populations-into-covid-19-high-frequency-phone-surveys/,,
ex337,Djibouti,2021,WORLD BANK-UNHCR JOINT DATA CENTER ON FORCED DISPLACEMENT (JDC),Integrating Forcibly Displaced Populations into Covid-19 High Frequency Phone Surveys,NA,https://www.jointdatacenter.org/integrating-forcibly-displaced-populations-into-covid-19-high-frequency-phone-surveys/,,
ex338,Bangladesh,2021,WORLD BANK-UNHCR JOINT DATA CENTER ON FORCED DISPLACEMENT (JDC),Cox's Bazar Humanitarian Development Statistics Center/ Analytical Program,NA,https://www.jointdatacenter.org/bangladesh-coxs-bazar-humanitarian-development-statistics-center-analytical-program/,,
ex345,NA,2021,WORLD BANK-UNHCR JOINT DATA CENTER ON FORCED DISPLACEMENT (JDC),JDC Strategy,NA,https://www.jointdatacenter.org/jdc-strategy-for-2021-2023/,,
ex347,Iraq,2021,INTERNATIONAL ORGANIZATION FOR MIGRATION (IOM),Categorising obstacles to returnee integration in Iraq,NA,https://iraq.iom.int/resources/home-again-categorising-obstacles-returnee-reintegration-iraq,,
ex350,Nigeria,2021,INTERNATIONAL ORGANIZATION FOR MIGRATION (IOM),DTM measuring Durable Solution achievements,NA,,covers/ex350.png,https://mitrovif.github.io/gain_sdg_workstream/covers/ex350.png
ex353,NA,2021,INTERNATIONAL ORGANIZATION FOR MIGRATION (IOM),"IOM's Internal Displacement Data Strategy, 2021-2025",NA,https://publications.iom.int/fr/node/2951,,
ex355,NA,2021,INTERNATIONAL ORGANIZATION FOR MIGRATION (IOM),Leave No Migrant Behind: The 2030 Agenda and Data Disaggregation - World | ReliefWeb,NA,https://reliefweb.int/report/world/leave-no-migrant-behind-2030-agenda-and-data-disaggregation?msclkid=864aaae2b0d411ec931dc6b589ca9adc,,
ex361,NA,2021,UNITED NATIONS HIGH COMMISSIONER FOR REFUGEES (UNHCR),SDG 16 Survey,NA,https://www.sdg16hub.org/sdg-16-survey-initiative,,
ex362,Sudan,2021,JOINT IDP PROFILING SERVICES (JIPS),Sudan - JIPS - Joint IDP Profiling Service,NA,https://www.jips.org/jips-country/sudan/?msclkid=d74339f3b0d011ec917aadf685e683e2,,
ex363,NA,2021,JOINT IDP PROFILING SERVICES (JIPS),Identifying internally displaced persons in surveys,NA,,covers/ex363.png,https://mitrovif.github.io/gain_sdg_workstream/covers/ex363.png
ex364,NA,2021,JOINT IDP PROFILING SERVICES (JIPS),JIPS Strategy,NA,https://www.jips.org/jips-publication/jips-strategy-2021-23/,,
ex367,NA,2021,INTERNAL DISPLACEMENT MONITORING CENTRE (IDMC),"Improving tabulations on different groups of IDPs, data on vulnerabilities and progress towards solutions",NA,https://www.internal-displacement.org/research-areas/differentiated-impacts,,
ex368,State of Palestine,2021,PALESTINIAN CENTRAL BUREAU OF STATISTICS (PCBS),Labor Force Survey,NA,http://www.erfdataportal.com/index.php/catalog/240,covers/ex368.png,https://mitrovif.github.io/gain_sdg_workstream/covers/ex368.png
ex369,Morocco,2021,HIGH COMMISSION FOR PLANNING,MEDHIMS,NA,https://ec.europa.eu/eurostat/web/european-neighbourhood-policy/enp-south/med-hims,,
ex370,Côte d'Ivoire,2021,NATIONAL INSTITUTE OF STATISTICS (INS) - CÔTE D'IVOIRE,RGPH 2014 AND 2020,NA,https://www.gouv.ci/_actualite-article.php?recordID=12580&d=3,covers/ex370.png,https://mitrovif.github.io/gain_sdg_workstream/covers/ex370.png
ex371,Kenya,2021,KENYA NATIONAL BUREAU OF STATISTICS,Economic Survey 2021,NA,https://drive.google.com/file/d/1q5QE1A7UkwDIsDSphr4C9NIDYho0SB1p/view,covers/ex371.png,https://mitrovif.github.io/gain_sdg_workstream/covers/ex371.png
ex374,Mexico,2021,NATIONAL INSTITUTE OF STATISTICS AND GEOGRAPHY (INEGI),Survey to Characterize the Population in a Situation of Forced Internal Displacement in the Chihuahua State (ECADEFI-CHI,NA,,covers/ex374.png,https://mitrovif.github.io/gain_sdg_workstream/covers/ex374.png
ex375,Mexico,2021,NATIONAL INSTITUTE OF STATISTICS AND GEOGRAPHY (INEGI),Census 2020,NA,,covers/ex375.png,https://mitrovif.github.io/gain_sdg_workstream/covers/ex375.png
ex377,NA,2021,UNITED NATIONS POPULATION FUND (UNFPA),UNFPA Strategy for the 2020 Round of Population and Housing Censuses,NA,https://www.unfpa.org/publications/unfpa-strategy-2020-round-population-housing-censuses-2015-2024,,
ex378,Morocco,2022,HIGH COMMISSION FOR PLANNING,Survey on the socio-economic situation of refugees in Morocco in 2022,NA,,covers/ex378.png,https://mitrovif.github.io/gain_sdg_workstream/covers/ex378.png
ex381,Jordan,2022,JORDAN DEPARTMENT OF STATISTICS,Inclusion of refugees on the Gov of Jordan's Household Income and Expenditure Survey,NA,,covers/ex381.png,https://mitrovif.github.io/gain_sdg_workstream/covers/ex381.png
ex382,Libya,2022,UNITED NATIONS HIGH COMMISSIONER FOR REFUGEES (UNHCR),Socio-economic survey of refugees and migrants in Libya,NA,https://www.jointdatacenter.org/libya-socio-economic-survey-of-refugees-and-migrants-in-libya/#:~:text=Migrants%20and%20displaced%20people%20in%20Libya%20tend%20to,,
ex387,Zambia,2022,UNITED NATIONS HIGH COMMISSIONER FOR REFUGEES (UNHCR),Zambia Census 2022,NA,,covers/ex387.png,https://mitrovif.github.io/gain_sdg_workstream/covers/ex387.png
ex393,Djibouti,2022,NATIONAL INSTITUTE OF STATISTICS (INSTAD),Rapid assessment of the impact of the drought in the 5 regions of Djibouti,NA,https://migration.iom.int/sites/g/files/tmzbdl1461/files/reports/Evaluation%20rapide%20Secheresse%20OIM%20INSTAD%20Septembre%202022_final%20EN.pdf,,
ex394,Somalia,2022,WORLD BANK-UNHCR JOINT DATA CENTER ON FORCED DISPLACEMENT (JDC),Rapid monitoring of socio-economic conditions for Internally Displaced People,NA,,covers/ex394.png,https://mitrovif.github.io/gain_sdg_workstream/covers/ex394.png
ex397,South Africa,2022,STATISTICS SOUTH AFRICA,South Africa Census 2022,NA,,covers/ex397.png,https://mitrovif.github.io/gain_sdg_workstream/covers/ex397.png
ex399,Cameroon,2022,NATIONAL INSTITUTE OF STATISTICS OF THE REPUBLIC OF CAMEROON (INS),Cameroon household survey / survey on employment and in the informal sector,NA,,covers/ex399.png,https://mitrovif.github.io/gain_sdg_workstream/covers/ex399.png
ex402,Rwanda,2022,DIRECTOR OF CENSUS,2022 Rwanda Population and Housing Census,NA,,covers/ex402.png,https://mitrovif.github.io/gain_sdg_workstream/covers/ex402.png
ex403,Kenya,2022,KENYA NATIONAL BUREAU OF STATISTICS,2022 Economic Survey Report,NA,https://www.knbs.or.ke/wp-content/uploads/2022/05/2022-Economic-Survey1.pdf,covers/ex403.png,https://mitrovif.github.io/gain_sdg_workstream/covers/ex403.png
ex404,Uganda,2022,UGANDA BUREAU OF STATISTICS (UBOS),Refugee Inclusion in the Demographic & Health Survey (DHS),NA,,covers/ex404.png,https://mitrovif.github.io/gain_sdg_workstream/covers/ex404.png
ex411,Somalia,2022,JOINT IDP PROFILING SERVICES (JIPS),Development of IDP sector plan within National Statistical System Strategic Plan,NA,,covers/ex411.png,https://mitrovif.github.io/gain_sdg_workstream/covers/ex411.png
ex412,Colombia,2022,NATIONAL ADMINISTRATIVE DEPARTMENT OF STATISTICS (DANE),Study linking RUV and GEIH,NA,,covers/ex412.png,https://mitrovif.github.io/gain_sdg_workstream/covers/ex412.png
