ex_id,url,result
ex004,https://stat.gov.tm/en/population-census,"saved (check by eye) page-pdf: page 1 of 3, https://stat.gov.tm/population-census-pdfs/results/en/introduction.pdf"
ex005,https://data.unhcr.org/en/documents/details/111483,saved (check by eye) screenshot: Document - Lebanon: Disaster Risk Management Official List of Shelters - Stateme
ex008,https://resultats2024.rgphapps.ma/,saved (check by eye) screenshot: Résultats RGPH 2024
ex009,https://www.unrwa.org/resources/reports/palestinian-population-lebanon-findings-unrwa-digital-identity-verification,failed: HTTP 403 (also through the browser)
ex015,https://www.knbs.or.ke/reports/kdhs-2022/,saved (check by eye) screenshot: Kenya Demographic and Health Survey - 2022 - Kenya National Bureau of Statistics
ex029,https://www.destatis.de/DE/Themen/Gesellschaft-Umwelt/Bevoelkerung/Migration-Integration/_inhalt.html,saved (check by eye) screenshot: Bevölkerung mit Migrationshintergrund & Ausländer in Deutschland - Statistisches
ex033,https://edam-2024-0kd2xs9.gamma.site/,saved (check by eye) page-cover: https://cdn.gamma.app/p327y1pq5vrkd8x/427edc8935bd4c6d9c40dc12fca5c264/thumbnail/Rapport-EDAM1-IS.png
ex048,https://microdata.nigerianstat.gov.ng/index.php/catalog/182,saved (check by eye) page-cover: https://microdata.nigerianstat.gov.ng/files/thumbnails/thumbnail-s182.jpg?v=1776095002
ex053,https://www.ons.gov.uk/peoplepopulationandcommunity/populationandmigration/internationalmigration/bulletins/longterminternationalmigrationprovisional/yearendingdecember2022,"saved (check by eye) page-pdf: page 1 of 105, https://unstats.un.org/unsd/publication/SeriesM/SeriesM_58rev1e.pdf"
ex055,https://dtm.iom.int/haiti,failed: HTTP 403 (also through the browser)
ex056,https://www.ons.gov.uk/peoplepopulationandcommunity/populationandmigration/internationalmigration/articles/earlyintegrationoutcomesforrefugeesresettledinenglandandwales/2015to2021,saved (check by eye) screenshot: Early integration outcomes for refugees resettled in England and Wales - Office 
ex057,https://ine.gob.hn/censo-de-poblacion-y-vivienda-2025/,"saved (check by eye) page-pdf: page 1 of 74, https://ine.gob.hn/wp-content/uploads/2025/10/Contrato-Programa-de-Apoyo-al-Censo-de-Poblacion-y-Vivienda-y-Fortalecimiento-del-Sistema-Estadistico-Nacional.pdf"
ex058,https://rtc-cea.cepal.org/es/documento/guia-practica-para-la-produccion-de-estadisticas-armonizadas-sobre-desplazamiento-forzado,saved (check by eye) screenshot: Guía práctica para la producción de estadísticas armonizadas sobre desplazamient
ex059,https://pcbs.gov.ps/portals/_pcbs/PressRelease/Press_En_DisplacedNorthGaza2025E.pdf,"failed: APIRequestContext.get: unable to verify the first certificate; if the root CA is installed locally, try running Node.js with --use-system-ca"
ex061,https://ine.gob.hn/censo-de-poblacion-y-vivienda-2025/,"saved (check by eye) page-pdf: page 1 of 74, https://ine.gob.hn/wp-content/uploads/2025/10/Contrato-Programa-de-Apoyo-al-Censo-de-Poblacion-y-Vivienda-y-Fortalecimiento-del-Sistema-Estadistico-Nacional.pdf"
ex062,https://microdata.pcbs.gov.ps/PCBS-Metadata-en-v5.2/index.php/catalog/708,saved (check by eye) screenshot: West Bank and Gaza - Multiple indicator cluster survey 2019-2020
ex064,https://www.nso.go.th/nsoweb/main/summano/aE,saved (check by eye) screenshot: สำมะโนประชากรและเคหะ
ex066,https://dosweb.dos.gov.jo/DataBank/census2015/GeneralPopulation&HousingCensus_Guide_2015_EN.pdf,saved (check by eye) pdf: page 1 of 239
ex067,https://www.bps.go.id/en/publication/2026/06/30/bdc814f38edf0a941f4f9d34/penduduk-dan-indikator-kependudukan-hasil-survei-penduduk-antar-sensus-2025.html,failed: HTTP 403 (also through the browser)
ex076,https://www.gov.uk/government/statistics/irregular-migration-to-the-uk-year-ending-june-2024,"saved (check by eye) screenshot: Irregular migration to the UK, year ending June 2024 - GOV.UK"
ex079,https://microdata.unhcr.org/index.php/catalog/1466,saved (check by eye) page-cover: https://microdata.unhcr.org/files/images/west_afr.jpg?v=1779903631
ex084,https://www.ine.es/infografias/ucranianos/ucranianos.htm,saved (check by eye) screenshot: Ucranianos en España
ex085,https://www.jointdatacenter.org/activites/displaced-and-stateless-populations-in-car/,saved (check by eye) screenshot: Displaced and Stateless Populations in CAR|JDC
ex089,https://dofi.ibz.be/fr/figures/access-and-stay/rapports,saved (check by eye) screenshot: https://dofi.ibz.be/fr/figures/access-and-stay/rapports
ex091,https://www.ilo.org/resource/article/ethiopia-reviews-progress-reintegration-and-labour-migration-coordination,saved (check by eye) screenshot: Ethiopia Reviews Progress in Reintegration and Labour Migration Coordination | I
ex094,https://www.probation.go.ke/downloads,"saved (check by eye) page-pdf: page 1 of 4, https://www.probation.go.ke/sites/default/files/downloads/Probation%20PAMPHLET%20for%20Offenders.pdf"
ex095,https://dofi.ibz.be/fr/themes/sejour-irregulier/detention,saved (check by eye) screenshot: https://dofi.ibz.be/fr/themes/sejour-irregulier/detention
ex102,https://www.undp.org/somalia/publications/data-solutions-toolkit,failed: HTTP 403 (also through the browser)
ex103,https://igad.int/?p=22726,saved (check by eye) page-cover: https://igad.int/wp-content/uploads/2022/04/Text-Thumbnail-2-01-scaled-1.jpeg
ex104,https://www.jips.org/news/strengthening-the-data-systems-and-capacities-of-the-idp-committee-in-azerbaijan/,saved (check by eye) screenshot: Strengthening the Data Systems and Capacities of the IDP Committee in Azerbaijan
ex106,https://www.undp.org/es/node/597391,failed: HTTP 403 (also through the browser)
ex110,https://ins-cameroun.cm/mics-7-au-cameroun/,"saved (check by eye) page-pdf: page 1 of 3, https://ins-cameroun.cm/wp-content/uploads/2026/06/ITV_MICS7_ameroun.pdf"
ex112,https://www.knbs.or.ke/wp-content/uploads/2025/01/2024-25-Kenya-Integrated-Household-Budget-Survey-Pilot-Report.pdf,saved (check by eye) pdf: page 1 of 35
ex116,https://www.knbs.or.ke/wp-content/uploads/2024/05/2024-Economic-Survey.pdf,saved (check by eye) pdf: page 1 of 508
ex118,https://www.ssb.no/befolkning/innvandrere/artikler/hvordan-presterer-flyktninger-pa-skolebenken,saved (check by eye) screenshot: Hvordan presterer flyktninger på skolebenken? – SSB
ex119,https://www.jointdatacenter.org/activites/internally-displaced-people-in-yemen/,saved (check by eye) screenshot: Internally Displaced People in Yemen|JDC
ex123,https://www.geostat.ge/en/modules/categories/909/the-geographical-distribution-of-the-population-and-internal-migration,saved (check by eye) screenshot: The Geographical Distribution of The Population and Internal Migration - Nationa
ex132,https://www.ssb.no/arbeid-og-lonn/sysselsetting/artikler/ukrainske-flyktninger-etter-introduksjonsprogram-pa-arbeidsmarkedet,"saved (check by eye) page-pdf: page 1 of 103, https://www.ssb.no/en/utdanning/voksenopplaering/artikler/former-participants-in-the-introduction-programme-2005-2019/_/attachment/inline/1dedfc25-bad7-4718-a146-8555c39b19c3:ba4b2af9c3839c36917efb23167a26e98fb0a016/RAPP2022-52.pdf"
ex135,https://www.ssb.no/arbeid-og-lonn/sysselsetting/artikler/en-av-tre-ukrainere-er-i-jobb,saved (check by eye) screenshot: En av tre ukrainere er i jobb – SSB
ex136,https://www.icasees.org/index.php/actualites/423-centrafrique-rgph-4-licasees-presente-les-resultats-provisoires-globaux-et-preliminaires-au-ctir,"saved (check by eye) screenshot: CENTRAFRIQUE : RGPH-4, l'ICASEES présente les résultats provisoires globaux et p"
ex139,https://www.ssb.no/arbeid-og-lonn/sysselsetting/artikler/flyktninger-i-og-utenfor-arbeidsmarkedet-2023/_/attachment/inline/346960db-ce5c-4305-ad52-637bc5ce8c55:94dcbfc7c9e1810dd8a36ce75fd16524ab739f03/RAPP2025-01.pdf,saved (check by eye) pdf: page 1 of 136
ex141,https://www.ssb.no/befolkning/innvandrere/artikler/mange-enslige-mindrearige-flyktninger-fra-ukraina,saved (check by eye) screenshot: Mange enslige mindreårige flyktninger fra Ukraina – SSB
ex145,https://www.internal-displacement.org/countries/south-africa,saved (check by eye) screenshot: South Africa | IDMC - Internal Displacement Monitoring Centre
ex148,https://www.ssb.no/befolkning/innvandrere/artikler/stor-andel-med-lavinntekt-blant-syriske-kvoteflyktninger,saved (check by eye) screenshot: Stor andel med lavinntekt blant syriske kvoteflyktninger – SSB
ex150,https://disasterdisplacement.org/news-events/panama-workshop-may-2024/,saved (check by eye) page-cover: https://disasterdisplacement.org/wp-content/uploads/2023/12/COVER_small-e1719129052559-150x150.jpg
ex153,https://www.internal-displacement.org/countries/uganda/,saved (check by eye) screenshot: Uganda | IDMC - Internal Displacement Monitoring Centre
ex168,https://www.internal-displacement.org/countries/marshall-islands,saved (check by eye) screenshot: Marshall Islands | IDMC - Internal Displacement Monitoring Centre
ex171,https://igad.int/?p=18913,saved (check by eye) page-cover: https://igad.int/wp-content/uploads/2022/04/Text-Thumbnail-2-01-scaled-1.jpeg
ex179,https://www.mfa.gov.by/en/press/news_mfa/ec0edfebea3271d2.html,failed: APIRequestContext.get: connect ETIMEDOUT 195.50.7.181:443
ex184,https://dosweb.dos.gov.jo/DataBank/Labour_Force/Employment_Unemployment/Labor_Force_Survey_questionnaire_2024.pdf,saved (check by eye) pdf: page 1 of 14
ex185,https://www.armstat.am/file/article/demog_2024_7.pdf,saved (check by eye) pdf: page 1 of 45
ex190,https://babel.bps.go.id/en/news/2024/10/30/450/post-enumeration-workshop-for-intercensal-population-survey-2025-pilot.html,failed: HTTP 403 (also through the browser)
ex195,https://igm.gov.md/ro/statistica,saved (check by eye) screenshot: Statistica | INSPECTORATUL GENERAL PENTRU MIGRAȚIE
ex209,https://fmino.gov.ng/first-lady-commissions-resettlement-city-in-keffi-nasarawa-state/,saved (check by eye) page-cover: https://fmino.gov.ng/wp-content/uploads/2026/09/IMG-20260930-WA0010-218x150.jpg
ex210,https://www.statssa.gov.za/?p=14709,saved (check by eye) screenshot: Continuous Population Survey (CPS) test goes to the field | Statistics South Afr
ex213,https://www.ons.gov.uk/peoplepopulationandcommunity/populationandmigration/internationalmigration/methodologies/refugeeintegrationoutcomesriodatalinkagepilot,saved (check by eye) screenshot: Refugee Integration Outcomes (RIO) data linkage pilot - Office for National Stat
ex217,https://www.instat-mali.org/fr/publications/enquete-modulaire-et-permanente-aupres-des-menages-emop,"saved (check by eye) page-pdf: page 1 of 3, https://www.instat-mali.org/laravel-filemanager/files/shares/doc/conditions-utilisation-donnees-ouvertes_doc.pdf"
ex218,https://www.armstat.am/en/?nid=944,saved (check by eye) screenshot: Statistical Committee of the Republic of Armenia
ex228,https://www.sida.se/en/for-partners/methods-materials,saved (check by eye) screenshot: Methods and materials | Sida
ex229,https://www.dane.gov.co/index.php/estadisticas-por-tema/pobreza-y-condiciones-de-vida/encuesta-de-goce-efectivo-de-derechos-eged,saved (check by eye) screenshot: DANE - Encuesta de goce efectivo de derechos (EGED)
ex234,https://www.ssb.no/befolkning/flytting/artikler/uregistrert-utvandring-fra-norge/_/attachment/inline/2b780628-56b2-400c-ad12-125a2b9894bc:a679064cdc81beb854dbbb730f1e0409780d1b7e/NOT2024-03.pdf,saved (check by eye) pdf: page 1 of 30
ex237,https://www.gov.si/en/topics/mednarodna-zascita/,saved (check by eye) screenshot: International Protection | GOV.SI
ex242,https://www.ssb.no/befolkning/innvandrere/artikler/overgang-til-norsk-statsborgerskap-1977-2023,"saved (check by eye) page-pdf: page 1 of 74, https://www.ssb.no/befolkning/innvandrere/artikler/overgang-til-norsk-statsborgerskap-1977-2021/_/attachment/inline/1130ffc0-5e70-429e-a07e-e450e5af695e:c18c1a4aba6726f6279d7922e4c001bbfe712bc3/RAPP2024-03.pdf"
ex245,https://www.ssb.no/arbeid-og-lonn/sysselsetting/artikler/en-av-tre-ukrainere-er-i-jobb,saved (check by eye) screenshot: En av tre ukrainere er i jobb – SSB
ex253,https://unece.org/sites/default/files/2024-04/2.Refugees%20WP1%20ITA%20Conti%20Pangallo.pdf,failed: HTTP 403 (also through the browser)
ex254,https://www.jointdatacenter.org/activites/refugees-in-mauritania/,saved (check by eye) screenshot: Refugees in Mauritania|JDC
ex257,https://www.jointdatacenter.org/activites/south-sudan-hbs/,saved (check by eye) screenshot: South Sudan HBS|JDC
ex259,https://www.unhcr.org/sites/default/files/2025-06/study-of-socio-economic-conditions-of-refugees-in-italy.pdf,failed: HTTP 403 (also through the browser)
ex261,https://www.istat.it/informazioni-sulla-rilevazione/indagine-su-bambini-e-ragazzi-comportamenti-atteggiamenti-e-progetti-futuri/,"saved (check by eye) screenshot: Indagine su bambini e ragazzi: comportamenti, atteggiamenti e progetti futuri. –"
ex264,https://www.pcbs.gov.ps/portals/_pcbs/PressRelease/Press_En_LFSQ022024E.pdf,"failed: APIRequestContext.get: unable to verify the first certificate; if the root CA is installed locally, try running Node.js with --use-system-ca"
ex266,https://www.pcbs.gov.ps/portals/_pcbs/PressRelease/Press_En_AggressionGaza2024E.pdf,"failed: APIRequestContext.get: unable to verify the first certificate; if the root CA is installed locally, try running Node.js with --use-system-ca"
ex268,https://www.pcbs.gov.ps/portals/_pcbs/PressRelease/Press_En_WorldRefugeesDay2024E.pdf,"failed: APIRequestContext.get: unable to verify the first certificate; if the root CA is installed locally, try running Node.js with --use-system-ca"
ex270,https://unescwa.org/events/international-recommendations-refugee-internally-displaced-persons-and-statelessness,"saved (check by eye) screenshot: International recommendations on refugee, internally displaced persons and state"
ex271,https://www.destatis.de/DE/Themen/Gesellschaft-Umwelt/Bevoelkerung/Migration-Integration/_inhalt.html,saved (check by eye) screenshot: Bevölkerung mit Migrationshintergrund & Ausländer in Deutschland - Statistisches
ex272,https://migration.gov.gr/en/statistika/,"saved (check by eye) page-pdf: page 1 of 21, https://migration.gov.gr/wp-content/uploads/2026/02/Report_A_January-2026_International-Protection_NEW.pdf"
ex282,https://www.istat.it/infografiche/giornata-internazionale-dei-migranti-18-dicembre-2025/,saved (check by eye) screenshot: Giornata internazionale dei migranti – 18 dicembre 2025 – Istat
ex283,https://dtm.iom.int/fr/reports/mali-rapport-sur-les-intentions-futures-des-personnes-deplacees-mai-2025,failed: HTTP 403 (also through the browser)
ex285,https://www.inegi.org.mx/programas/envipe/2018/,saved (check by eye) screenshot: Encuesta Nacional de Victimización y Percepción sobre Seguridad Pública (ENVIPE)
ex287,https://statistica.gov.md/ro/recensamantul-populatiei-si-al-locuintelor-2024-9940.html,saved (check by eye) page-cover: https://statistica.gov.md/thumbnails/files/files/Recensamint/Recesamint_2024/imagini/quality-control__90x90.png
ex292,https://www.jointdatacenter.org/activites/refugees-and-idps-in-sudan/,saved (check by eye) screenshot: Refugees and IDPs in Sudan|JDC
ex295,https://www.jointdatacenter.org/activites/refugees-in-bangladesh/,saved (check by eye) screenshot: Refugees in Bangladesh|JDC
ex296,https://www.jointdatacenter.org/activites/displaced-and-stateless-populations-in-car/,saved (check by eye) screenshot: Displaced and Stateless Populations in CAR|JDC
ex298,https://www.jointdatacenter.org/activites/refugees-in-iraq/,saved (check by eye) screenshot: Refugees in Iraq|JDC
ex300,https://www.jointdatacenter.org/activites/refugees-in-turkiye/,saved (check by eye) screenshot: Refugees in Türkiye|JDC
ex309,https://publications.iadb.org/publications/english/document/Return-Migrants-in-Honduras.pdf,failed: HTTP 403 (also through the browser)
ex310,https://www.jointdatacenter.org/data-activities/inclusion/,saved (check by eye) screenshot: National Survey Inclusion|JDC
ex311,https://www.jointdatacenter.org/activites/refugees-in-mauritania/,saved (check by eye) screenshot: Refugees in Mauritania|JDC
ex315,https://www.jointdatacenter.org/malawi-dhs-2024/,"saved (check by eye) page-pdf: page 1 of 829, https://dhsprogram.com/pubs/pdf/FR398/FR398.pdf"
ex318,https://krso.gov.krd/en/indicator,saved (check by eye) screenshot: Indicator
ex320,https://www.ubos.org/wp-content/uploads/publications/05_2026Uganda_Harmonised_Integrated_Survey_2021-22_to_2024-25-Presentation.pdf,saved (check by eye) pdf: page 1 of 63
ex321,https://www.ubos.org/the-uganda-malaria-indicator-survey-2024-25-report-released/,saved (check by eye) screenshot: The Uganda Malaria Indicator Survey 2024–25 Report Released - Uganda Bureau of S
ex324,https://rsso03.psa.gov.ph/content/psa-nueva-ecija-and-lgu-cabanatuan-city-awards-certificate-live-birth-secpa-59-sama-bajau,failed: HTTP 403 (also through the browser)
ex325,https://psa.gov.ph/system/files/cbms/Press%20Release_National%20Press%20Launch%20for%20the%202024%20POPCEN-CBMS.pdf,failed: HTTP 403 (also through the browser)
ex326,https://psa.gov.ph/content/filipino-special-consular-mission-sabah,failed: HTTP 403 (also through the browser)
ex368,https://microdata.pcbs.gov.ps/PCBS-Metadata-en-v5.2/index.php/catalog/715,saved (check by eye) screenshot: West Bank and Gaza - Labor Force Survey 2021
ex371,https://www.knbs.or.ke/wp-content/uploads/2021/09/Economic-Survey-2021.pdf,saved (check by eye) pdf: page 1 of 428
ex403,https://www.knbs.or.ke/wp-content/uploads/2022/05/2022-Economic-Survey1.pdf,saved (check by eye) pdf: page 1 of 482
