ex_id,roster_row,gain_year,country,organisation,title,lead,uses_recommendations,source_url,url_found_by,cover_file,cover_status,checked_on
ex001,1,2023,South Africa,STATISTICS SOUTH AFRICA,Migration Profile Report,country,yes,,,,missing: image not in repo or SharePoint,
ex002,2,2024,Rwanda,DIRECTOR OF CENSUS,Refugees Thematic report published,country,yes,,,,missing: image not in repo or SharePoint,
ex003,3,2025,Iraq,KURDISTAN REGION STATISTICS OFFICE,"Refugees socio economic survey, planned to be implemented before the end of 2025",country,yes,,,,missing: no source link yet,
ex004,4,2023,Turkmenistan,STATE COMMITTEE OF TURKMENISTAN ON STATISTICS,Population Census 2022 Turkmenistan,country,yes,https://www.stat.gov.tm/,respondent / SDG workstream,,missing: no cover: web page without a preview image,
ex005,5,2024,Lebanon,MINISTRY OF SOCIAL AFFAIRS,Disaster Risk Management,country,no/dk,,,,missing: no source link yet,
ex006,6,2025,United Kingdom,OFFICE FOR NATIONAL STATISTICS (ONS),Estimating the unauthorised UK population by bringing together publicly available data sources from HO and MoJ websites and Utilising a publicly available method. Aim - to test the quality and validity of this method to produce an estimate of the unauthorised population in a proof of concept,country,no/dk,,,,missing: no source link yet,
ex007,7,2023,Kazakhstan,AGENCY OF STATISTICS OF THE REPUBLIC OF KAZAKHSTAN,Census 2021,country,yes,https://stat.gov.kz/upload/medialibrary/75f/z2gxd3z3s8gsf7em4x4q5ahd87mgoc5m/%D0%9D%D0%B0%D1%81%D0%B5%D0%BB%D0%B5%D0%BD%D0%B8%D0%B5%201%20%D1%82%D0%BE%D0%BC.pdf,respondent / SDG workstream,covers/ex007.png,ok,2026-09-30
ex008,8,2024,Morocco,HIGH COMMISSION FOR PLANNING,2024 General Population and Housing Census - Suryve Data,country,yes,,,,missing: image not in repo or SharePoint,
ex009,9,2025,,UNITED NATIONS RELIEF AND WORKS AGENCY FOR PALESTINE REFUGEES IN THE NEAR EAST (UNRWA),UNRWA digital identity verification 2025: Resident population estimate of Palestine Refugees in Lebanon,institution,yes,https://www.unrwa.org/resources/reports/palestinian-population-lebanon-findings-unrwa-digital-identity-verification,respondent / SDG workstream,,missing: failed: 403 Client Error: Forbidden,
ex010,10,2023,Kyrgyzstan,NATIONAL STATISTICAL COMMITTEE OF KYRGYZSTAN,Kyrgyz Republic Census,country,yes,,,,missing: image not in repo or SharePoint,
ex011,11,2024,Morocco,HIGH COMMISSION FOR PLANNING,General Population and Housing Census of 2024,country,yes,,,,missing: image not in repo or SharePoint,
ex012,12,2025,Netherlands,STATISTICS NETHERLANDS,Report on asylum migrants (asylum seekers with a residence permit),country,no/dk,,,,missing: no source link yet,
ex013,13,2023,,ORGANISATION FOR ECONOMIC CO-OPERATION AND DEVELOPMENT (OECD),International migration outlook 2023,institution,no/dk,,,,missing: no source link yet,
ex014,14,2024,Morocco,HIGH COMMISSION FOR PLANNING,"Survey on migrants' experiences on migration routes, assistance needs, abuses and risks, migrant smuggling, decision-making during mobility in Morocco in 2024",country,yes,,,,missing: image not in repo or SharePoint,
ex015,15,2025,Kenya,KENYA NATIONAL BUREAU OF STATISTICS,2025 Mini DHS,country,yes,,,,missing: no source link yet,
ex016,16,2025,Liberia,LIBERIA INSTITUTE OF STATISTICS AND GEO-INFORMATION SERVICES (LISGIS),"We are working to coordinates with line agencies involve with refugees/people in need of international protection, internally displaced persons or stateless persons like LRRRC, Red Cross, UNHCR Liberia to document these category of people and track their activities.",country,yes,,,,missing: no source link yet,
ex017,17,2023,France,ORGANISATION FOR ECONOMIC CO-OPERATION AND DEVELOPMENT (OECD),Recognition of foreign qualifications of Ukrainians in France,institution,no/dk,,,,missing: no source link yet,
ex018,18,2025,,ECONOMIC COMMUNITY OF WEST AFRICAN STATES (ECOWAS),Organize a webinar on international mobility in 2025,institution,yes,,,,missing: no source link yet,
ex019,19,2023,Finland,STATISTICS FINLAND,ESOP,country,no/dk,,,,missing: no source link yet,
ex020,20,2024,Sri Lanka,DEPARTMENT OF CENSUS AND STATISTICS,Ongoing Examples,country,yes,,,,missing: no source link yet,
ex021,21,2025,,ECONOMIC COMMUNITY OF WEST AFRICAN STATES (ECOWAS),Organize a webinar on IDPs and Refugees in 2026,institution,yes,,,,missing: no source link yet,
ex022,22,2023,Rwanda,DIRECTOR OF CENSUS,We are doing the thematic analysis on Socio-Economic conditions of Refugees,country,yes,,,,missing: no source link yet,
ex023,23,2024,France,GENERAL DIRECTORATE FOR FOREIGN NATIONALS IN FRANCE,Planning the new edition of a survey (ELIPA 3),country,no/dk,,,,missing: no source link yet,
ex024,24,2025,,ECONOMIC COMMUNITY OF WEST AFRICAN STATES (ECOWAS),The next editions of regional reports will focus attention on the internal and external movements of people,institution,yes,,,,missing: no source link yet,
ex025,25,2024,,UNITED NATIONS ECONOMIC COMMISSION FOR EUROPE (UNECE),"Workshop on the International Recommendations on Statistics on Refugees, Internally Displaced Persons, and Statelessness",institution,yes,,,,missing: no source link yet,
ex026,26,2025,Chad,"NATIONAL INSTITUTE OF STATISTICS, ECONOMIC AND DEMOGRAPHIC STUDIES (INSEED)","ECOSIT, General Population and Housing Census currently being prepared.",country,yes,,,,missing: no source link yet,
ex027,27,2023,Liechtenstein,OFFICE OF STATISTICS LIECHTENSTEIN,Asylum Statistics 2022,country,no/dk,,,,missing: no source link yet,
ex028,28,2023,Germany,FEDERAL STATISTICAL OFFICE OF GERMANY (DESTATIS),Press release on stateless persons in Germany,country,yes,,,,missing: no source link yet,
ex029,29,2024,Germany,FEDERAL STATISTICAL OFFICE OF GERMANY (DESTATIS),Proof of Concept: Estimating employment rates for refugees by statistically matching administrative and survey data,country,yes,,,,missing: no source link yet,
ex030,30,2024,Djibouti,NATIONAL INSTITUTE OF STATISTICS (INSTAD),"3rd Population and Housing Census (RGPH-3) that was completed in the summer of this year, 2024.",country,yes,https://instad.dj/rgph,respondent / SDG workstream,,missing: no cover: web page without a preview image,
ex031,31,2025,Kyrgyzstan,NATIONAL STATISTICAL COMMITTEE OF KYRGYZSTAN,"Forms for departmental reporting on migration indicators have been developed and approved, including data on population groups of interest to EGRISS. Data will be collected on a regular basis by the Ministry of Labour, Social Security and Migration and provided to the government",country,yes,,,,missing: no source link yet,
ex032,32,2023,Somalia,JOINT IDP PROFILING SERVICES (JIPS),Support to the Government of Somalia to implement the IRIS,country,yes,,,,missing: image not in repo or SharePoint,
ex033,33,2024,Djibouti,NATIONAL INSTITUTE OF STATISTICS (INSTAD),5th Djibouti Households' Living Condition Survey (EDAM-5) which is currently in preparation,country,yes,,,,missing: no source link yet,
ex034,34,2025,South Africa,STATISTICS SOUTH AFRICA,Concept note about IDP in Census 2022,country,yes,,,,missing: no source link yet,
ex035,35,2023,Belgium,STATISTICS BELGIUM (STATBEL),"We do not report statistics separately for these groups. However, they are part of the Belgian population according to the European population definition, which means they are included if they fulfil the 12-month criterion.",country,no/dk,,,,missing: no source link yet,
ex036,36,2024,Djibouti,NATIONAL INSTITUTE OF STATISTICS (INSTAD),Quarterly Labour Force Survey currently in preparation with the support of ILO,country,yes,,,,missing: no source link yet,
ex037,37,2025,Belarus,NATIONAL STATISTICAL COMMITTEE OF THE REPUBLIC OF BELARUS,Foreign citizens and stateless persons permanently or temporarily residing or temporarily staying in the Republic of Belarus are subject to the population census,country,no/dk,,,,missing: no source link yet,
ex038,38,2024,Nigeria,ENERGY COMMISSION OF NIGERIA ABUJA,Survey in Nigeria on IDPS,country,yes,,,,missing: no source link yet,
ex039,39,2025,Egypt,"CENTRAL AGENCY FOR PUBLIC MOBILIZATION AND STATISTICS, EGYPT",The Joint Assessment between the World Food Programme (WFP) and the United Nations High Commissioner for Refugees (UNHCR) for Refugees and Asylum Seekers.,country,yes,,,,missing: image not in repo or SharePoint,
ex040,40,2024,Djibouti,NA,Administrative databases of Ministry of the Interior - continous work,country,yes,,,,missing: no source link yet,
ex041,41,2025,,UNITED NATIONS ECONOMIC COMMISSION FOR EUROPE (UNECE),"Publication ""Conference of European Statisticians Recommendations for the 2030 Round of Population and Housing Censuses",institution,yes,,,,missing: no source link yet,
ex042,42,2023,Greece,MINISTRY OF MIGRATION AND ASYLUM,Asylum Procedures Report,country,yes,,,,missing: no source link yet,
ex043,43,2025,,UNITED NATIONS ECONOMIC COMMISSION FOR EUROPE (UNECE),"Meeting of the UNECE Group of Experts on Statistics on Population and Migration (Geneva, 26-28 November 2025)",institution,no/dk,,,,missing: no source link yet,
ex044,44,2023,Greece,MINISTRY OF MIGRATION AND ASYLUM,Eurostat reports/REGULATION (EC) No 862/2007,country,yes,,,,missing: no source link yet,
ex045,45,2024,Nigeria,NATIONAL BUREAU OF STATISTICS REAL SECTOR AND HOUSEHOLD STATISTICS DEPARTMENT,The NBS has implemented the first ever Survey on IDPs in seven selected states of Nigeria,country,yes,https://microdata.nigerianstat.gov.ng/index.php/catalog/148,web search: NBS microdata catalogue,,missing: link gives 404 to scripts; check in a browser,
ex046,46,2025,Belarus,NATIONAL STATISTICAL COMMITTEE OF THE REPUBLIC OF BELARUS,"study visit of the joint delegation of the Republic of Belarus to Baku (Republic of Azerbaijan) with the aim of studying best practices in the implementation of the Global Compact for Safe, Orderly and Regular Migration and achieving the SDGs related to migration",country,yes,,,,missing: no source link yet,
ex047,47,2023,Greece,MINISTRY OF MIGRATION AND ASYLUM,Unaccompanied minors Monthly Report,country,no/dk,,,,missing: no source link yet,
ex048,48,2024,Nigeria,NATIONAL BUREAU OF STATISTICS REAL SECTOR AND HOUSEHOLD STATISTICS DEPARTMENT,partnering with International Organization to carryout administrative data collection IDPs in affected states of Nigeria,country,yes,,,,missing: image not in repo or SharePoint,
ex049,49,2025,,JOINT IDP PROFILING SERVICES (JIPS),Develop methodological paper on maturing the Progress Measure for IDPs,institution,yes,,,,missing: no source link yet,
ex050,50,2023,Greece,MINISTRY OF MIGRATION AND ASYLUM,Quortarly data from the Reception and Identification Service,country,no/dk,,,,missing: no source link yet,
ex051,51,2024,Honduras,INSTITUTO NACIONAL DE ESTADÍSTICA,INE Honduras in 2023 and 2024 has been collecting statistics on forced displacement in Honduras.,country,yes,,,,missing: image not in repo or SharePoint,
ex052,52,2025,Haiti,INTERNATIONAL ORGANIZATION FOR MIGRATION (IOM),"Internal displacement exercises due to disasters and violence, especially in Haiti through the DTMParticipation in the CEA ECLAC working group for the development of an implementation guide on internal displacement",institution,yes,,,,missing: no source link yet,
ex053,53,2023,United Kingdom,OFFICE FOR NATIONAL STATISTICS (ONS),"the inclusion of asylum seekers in Long-term international migration, provisional: year ending December 2022 Experimental and provisional estimates of UK international migration, 2018 to 2022",country,no/dk,https://www.ons.gov.uk/peoplepopulationandcommunity/,respondent / SDG workstream,,missing: no cover: web page without a preview image,
ex054,54,2024,Honduras,INSTITUTO NACIONAL DE ESTADÍSTICA,"By 2025, it is planned to continue collecting statistics to identify PDI",country,yes,,,,missing: no source link yet,
ex055,55,2025,Haiti,INTERNATIONAL ORGANIZATION FOR MIGRATION (IOM),Monthly monitoring of internal displacement in Haiti,country,yes,,,,missing: no source link yet,
ex056,56,2023,United Kingdom,OFFICE FOR NATIONAL STATISTICS (ONS),Early integration outcomes for refugees resettled in England and Wales: 2015 to 2021 New analysis on refugees resettled between 2015 and 2020 under the Vulnerable Persons and Vulnerable Children's Resettlement Schemes in England and Wales. A collaborative study between the Office for National Statistics and the Home Office.,country,no/dk,https://www.ons.gov.uk/peoplepopulationandcommunity/,respondent / SDG workstream,,missing: no cover: web page without a preview image,
ex057,57,2024,Honduras,INSTITUTO NACIONAL DE ESTADÍSTICA,"In the 2025 National Population and Housing Census, there is a question: What was the reason why [NAME] came to live in this municipality? 1. Search for employment 2. Transfer for work (including military service) 3. Education and training 4. Marriage, family reunification or family formation (includes children who migrate with parents) 5. Citizen insecurity and violence 6. Crop failure 7. Natural disasters 8. Others. The question aims to identify PDI and the causes of forced displacement (due to insecurity, violence and crop loss - natural disasters, which are related to climate change).",country,yes,,,,missing: no source link yet,
ex058,58,2024,Honduras,INSTITUTO NACIONAL DE ESTADÍSTICA,"Honduras, leads the working group for the Practical Guide for the production of harmonized statistics on forced displacement and migration Biennium: 2024-2025 https://rtc-cea.cepal.org/es/grupo-trabajo/guia-practica-para-la-produccion-de-estadisticas-armonizada-sobre-desplazamiento",country,yes,https://rtc-cea.cepal.org/es/grupo-trabajo/guia-practica-para-la-produccion-de-estadisticas-armonizadas-sobre-desplazamiento,respondent / SDG workstream,,missing: no cover: web page without a preview image,
ex059,59,2025,State of Palestine,PALESTINIAN CENTRAL BUREAU OF STATISTICS (PCBS),Listing the population in gaza strip 2026.,country,yes,,,,missing: no source link yet,
ex060,60,2023,Belarus,MINISTRY OF INTERIOR,Production of statistical data,country,no/dk,,,,missing: no source link yet,
ex061,61,2024,Honduras,INSTITUTO NACIONAL DE ESTADÍSTICA,"At the end of the 2025 CENSUS, data will be available to analyze the variables of interest linked to the causes of forced displacement in Honduras. NOTE, experts or consultants will be required to carry out the analyzes and present the results in socialization sessions with various governmental, non-governmental and the international community, cooperation and partners.",country,yes,,,,missing: no source link yet,
ex062,62,2025,State of Palestine,PALESTINIAN CENTRAL BUREAU OF STATISTICS (PCBS),Multi-indicator cluster survey (mics),country,no/dk,,,,missing: image not in repo or SharePoint,
ex063,63,2023,Colombia,VICTIMS UNIT,Strengthening the integrated model,country,yes,,,,missing: no source link yet,
ex064,64,2024,Thailand,UNITED NATIONS HIGH COMMISSIONER FOR REFUGEES (UNHCR),Thailand 2025 Population and Housing Census,country,yes,,,,missing: image not in repo or SharePoint,
ex065,65,2025,Liechtenstein,OFFICE OF STATISTICS LIECHTENSTEIN,Asylum Statistics 2023,country,no/dk,,,,missing: no source link yet,
ex066,66,2023,Jordan,JORDAN DEPARTMENT OF STATISTICS,General Population and Housing Census 2015,country,yes,https://dosweb.dos.gov.jo/ar/censuses/population_housing/census2015/census2015_tables/,respondent / SDG workstream,,rejected: site icon,2026-09-30
ex067,67,2024,Indonesia,UNITED NATIONS HIGH COMMISSIONER FOR REFUGEES (UNHCR),Indonesia 2025 Intercensal Population Survey (SUPAS),country,yes,,,,missing: image not in repo or SharePoint,
ex068,68,2025,Liechtenstein,OFFICE OF STATISTICS LIECHTENSTEIN,Asylum Statistics 2024,country,no/dk,,,,missing: no source link yet,
ex069,69,2023,Jordan,JORDAN DEPARTMENT OF STATISTICS,A comprehensive population census in Azraq and Zaatari camps,country,yes,,,covers/ex069.png,rejected: not a cover (Jordan DoS publication price list),2026-09-30
ex070,70,2024,Peru,SCALABRINI INTERNATIONAL MIGRATION NETWORK,"We work with FOCUS GROUP, both in our missions in Lima and Tacna from the shelters, as well as in base communities in Metropolitan Lima.",institution,no/dk,,,,missing: no source link yet,
ex071,71,2025,Afghanistan,WORLD BANK (WB),"I use geospatial analytics to explore the relationship with displaced persons and poverty to support Poverty and Equity Assessments including in Afghanistan, CAR, CIV, Thailand, Cameroon",institution,no/dk,,,,missing: no source link yet,
ex072,72,2023,Afghanistan,UNITED NATIONS HIGH COMMISSIONER FOR REFUGEES (UNHCR),Joint Data Center funded project - Social Cohesion in the forced displacement and returnee context of Afghanistan,institution,yes,,,,missing: no source link yet,
ex073,73,2024,Peru,SCALABRINI INTERNATIONAL MIGRATION NETWORK,We manage a specific database for shelters in direct care with the Refugee population.,institution,no/dk,,,,missing: no source link yet,
ex074,74,2025,Cameroon,WORLD BANK (WB),We used Administrative data (ministry of Education) to estimate mismatch between language of school curriculum and refugee by estimated country of origin,institution,no/dk,,,,missing: no source link yet,
ex075,75,2023,Laos,UNITED NATIONS HIGH COMMISSIONER FOR REFUGEES (UNHCR),Including Stateless people in Laos PDR census,country,yes,,,,missing: no source link yet,
ex076,76,2024,United Kingdom,OFFICE FOR NATIONAL STATISTICS (ONS),"Irregular Migration to the UK Estimates, (includes asylum seekers and irregular migrants who are undocumented refugees).",country,yes,,,,missing: no source link yet,
ex077,77,2025,Cameroon,WORLD BANK (WB),Using accessibility models to estimate country of origin of refugees,institution,no/dk,,,,missing: no source link yet,
ex078,78,2023,Malaysia,UNITED NATIONS HIGH COMMISSIONER FOR REFUGEES (UNHCR),Joint Data Center funded project - Comparative study of livelihood of refugees and host communities in Malaysia,institution,yes,,,,missing: no source link yet,
ex079,79,2024,Burkina Faso,UNITED NATIONS HIGH COMMISSIONER FOR REFUGEES (UNHCR),Support to Burkina Faso NSO on Socio-Economic Module for Regional Protection Monitoring (P21),country,yes,,,,missing: no source link yet,
ex080,80,2025,Chad,WORLD BANK (WB),Estimating market access of refugee camps/sites,institution,no/dk,,,,missing: no source link yet,
ex081,81,2023,Estonia,STATISTICS ESTONIA,Ukrainians in the Estonian labour market,country,no/dk,,,,missing: no source link yet,
ex082,82,2024,Mali,UNITED NATIONS HIGH COMMISSIONER FOR REFUGEES (UNHCR),EMOP,country,yes,,,covers/ex082.png,ok,2026-09-30
ex083,83,2025,Côte d'Ivoire,WORLD BANK (WB),Using Accessibility analytics to estimate service areas and numbers of uncovered people/settlements of government facilities where people would obtain papers. (CIV),institution,no/dk,,,,missing: no source link yet,
ex084,84,2023,Spain,NATIONAL STATISTICS INSTITUTE (INE),Ukrainians in Spain,country,no/dk,https://www.ine.es/infografias/ucranianos/ucranianos.htm,respondent / SDG workstream,,rejected: site logo,2026-09-30
ex085,85,2024,Central African Republic,UNITED NATIONS HIGH COMMISSIONER FOR REFUGEES (UNHCR),MICS 2025 CAR,country,yes,,,,missing: no source link yet,
ex086,86,2025,Indonesia,BPS-STATISTICS INDONESIA,Exploration International Data Alliance for Children on the Move (IDAC) framework,country,yes,,,,missing: no source link yet,
ex087,87,2023,France,NATIONAL INSTITUTE OF STATISTICS AND ECONOMIC STUDIES (INSEE),Homeless Survey 2025,country,no/dk,,,,missing: no source link yet,
ex088,88,2024,,"EUROSTAT, EUROPEAN COMMISSION (EUROSTAT)","The International Recommendations on Refugees Statistics (IRRS), as well as the International Recommendations on IDP Statistics (IRIS), and International Recommendations on Statelessness Statistics (IROSS) were recently proposed for the inclusion in the Catalogue of ESS (European Statistical System) standards. The Catalogue of ESS Standards contains normative documents about the production and dissemination of official statistics, which are to be considered as standards at the ESS level. The catalogue is maintained by the Standards Working Group.",institution,no/dk,,,,missing: no source link yet,
ex089,89,2025,Belgium,BELGIAN HOME AFFAIRS FEDERAL PUBLIC SERVICE – IMMIGRATION OFFICE,Development of new statistics related to the implementation of the new law on stateless persons (in particular statistics on application for authorisation to stay issued / refused to stateless persons).,country,yes,https://dofi.ibz.be/fr/figures/access-and-stay/rapports,web search: Immigration Office statistics page (landing page; statelessness figures not yet published separately),,"missing: landing page, no cover",
ex090,90,2023,France,NATIONAL INSTITUTE OF STATISTICS AND ECONOMIC STUDIES (INSEE),Trajectories and origins survey 2,country,no/dk,,,,missing: no source link yet,
ex091,91,2024,Ethiopia,MINISTRY OF LABOR AND SKILLS,"Ministry of labor and Skills are provides different services and supports for refugees, IDPs, migrant returns reintegration supports (Psychosocial, social and economic reintegration) and leading organization of national protection and Overseas employment working groups",country,yes,,,,missing: no source link yet,
ex092,92,2025,Belgium,BELGIAN HOME AFFAIRS FEDERAL PUBLIC SERVICE – IMMIGRATION OFFICE,Extension of publications on family members of refugees and persons benefiting from subsidiary protection,country,yes,,,,missing: no source link yet,
ex093,93,2023,France,NATIONAL INSTITUTE OF STATISTICS AND ECONOMIC STUDIES (INSEE),INSEE publication references Immigrants and descendants of immigrants,country,no/dk,https://www.insee.fr/fr/statistiques/6793306?sommaire=6793391,respondent / SDG workstream,,missing: no cover: web page without a preview image,
ex094,94,2024,Kenya,PROBATION AND AFTERCARE SERVICE,"all cases referred to Probation and Aftercare Service, statistics were disaggregated in terms of nationality (foreign offenders and accused persons are identified), special needs were were categorized including those from racial minority, and foreign offenders",country,yes,,,,missing: no source link yet,
ex095,95,2025,Belgium,BELGIAN HOME AFFAIRS FEDERAL PUBLIC SERVICE – IMMIGRATION OFFICE,Development of statistics related to detention/alternative to detention (with a specific focus on asylum seekers),country,yes,,,,missing: no source link yet,
ex096,96,2024,,WORLD BANK (WB),WB Regional Survey,institution,yes,,,,missing: no source link yet,
ex097,97,2025,El Salvador,MINISTRY OF JUSTICE AND PUBLIC SECURITY / DIRECTORATE OF VICTIM ASSISTANCE (EL SALVADOR),"Workshops, training and webinar on the topic of Human Mobility.",country,no/dk,,,,missing: no source link yet,
ex098,98,2023,Canada,STATS CANADA,Quarterly population estimate for asylum claimants (statistics),country,no/dk,,,,missing: no source link yet,
ex099,99,2024,,WORLD BANK (WB),Survey Reported 2024,institution,yes,,,,missing: no source link yet,
ex100,100,2025,El Salvador,MINISTRY OF JUSTICE AND PUBLIC SECURITY / DIRECTORATE OF VICTIM ASSISTANCE (EL SALVADOR),Guidelines on the issue of attention to cases of Human Mobility (Returnees in need of protection and Internal Forced Displacements),country,no/dk,,,,missing: no source link yet,
ex101,101,2023,Democratic Republic of the Congo,NATIONAL INSTITUTE OF STATISTICS (INS) - DRC,SECOND GENERAL CENSUS OF POPULATION AND HABITAT,country,no/dk,,,,missing: no source link yet,
ex102,102,2024,Somalia,JOINT IDP PROFILING SERVICES (JIPS),Somalia - developing a joint government and UN durable solution data toolkit with relevant guidance to produce IDP data and statistics at scale (IDSF project).,country,yes,,,,missing: no source link yet,
ex103,103,2025,Ethiopia,ETHIOPIAN STATISTICS SERVICE (ESS),Organized technical working group on specific on refugees,country,yes,,,,missing: no source link yet,
ex104,104,2024,Azerbaijan,JOINT IDP PROFILING SERVICES (JIPS),Azerbaijan - supporting the State Committee for Affairs of Refugees and IDPs to strengthen their statistical capacity to produce statistics on IDPs based on IDP registry.,country,yes,,,,missing: no source link yet,
ex105,105,2025,Jordan,JORDAN DEPARTMENT OF STATISTICS,"A question was included in the labor force survey, the second round in 2025, question number 212: “What is the main reason for (name) coming to live in Jordan from the country? Note: The attached link for the form for the year 2024, the second round, is the same as for the year 2025, the second round.",country,yes,https://dosweb.dos.gov.jo/DataBank/Labour_Force/Employment_Unemployment/Labor_Force_Survey_questionnaire_2024.pdf,respondent / SDG workstream,covers/ex105.png,"ok: first page of the questionnaire, not a report",2026-09-30
ex106,106,2024,Colombia,JOINT IDP PROFILING SERVICES (JIPS),Colombia - support the government of Colombia developing a durable solutions progress measure as part of the upcoming National policy on durable solutions to IDPS (IDSF project).,country,yes,,,,missing: no source link yet,
ex107,107,2025,,WORLD BANK (WB),Created the SSA Refugee Camp Data Base,institution,no/dk,,,,missing: image not in repo or SharePoint,
ex108,108,2023,Hungary,HUNGARIAN CENTRAL STATISTICAL OFFICE,Demographic yearbook 2022,country,no/dk,,,,missing: no source link yet,
ex109,109,2024,,JOINT IDP PROFILING SERVICES (JIPS),"UNDP-JIPS publication: Monitoring progress towards solutions to internal displacement, a development oriented indicator framework. September 2024",institution,yes,,,,missing: no source link yet,
ex110,110,2025,Cameroon,NATIONAL INSTITUTE OF STATISTICS OF THE REPUBLIC OF CAMEROON (INS),"Since August 2025, the INS has launched mapping work for the collection of data from the multiple indicator survey (MICS 6). This operation targets women and children. Furthermore, the UNHCR joined forces to ensure that the refugee aspect was taken into account. In reality, in Cameroon, IDPs are in households and MICS will capture them. The collection will take place in the first quarter of 2026",country,yes,,,,missing: no source link yet,
ex111,111,2023,Norway,STATISTICS NORWAY,Internal movements of asylum seekers/refugees,country,yes,https://www.ssb.no/befolkning/flytting/artikler/tidlige-asylflyttinger-i-perioden-2013-2022/_/attachment/inline/a8e35027-dda5-4a5a-94b5-8bd5d22e4a4c:dda1a4c30ebb5758191abe7900b03a39e8cc44dd/NOT2023-43.pdf,respondent / SDG workstream,covers/ex111.png,ok,2026-09-30
ex112,112,2024,Kenya,KENYA NATIONAL BUREAU OF STATISTICS,"Kenya National Bureau of Statistics (KNBS) has included two refugee camps namely, Kakuma and Daadab in the sampling frame for the 2024/25 Kenya integrated Household Budget Survey. This will give the poverty and other socio - economic status of the refugees , asylum seekers and host community.",country,yes,,,,missing: image not in repo or SharePoint,
ex113,113,2025,Burkina Faso,NATIONAL INSTITUTE OF STATISTICS AND DEMOGRAPHY (INSD),Socio-economic survey of households of internally displaced persons and hosts in 6 regions of Burkina Faso,country,yes,https://www.insd.bf/sites/default/files/2026-02/Rapport%20Analyse_ESEP-PDI.pdf,web search: INSD website (ESEP-PDI analysis report),covers/ex113.png,ok,2026-09-30
ex114,114,2024,Kenya,KENYA NATIONAL BUREAU OF STATISTICS,UNHCR did a follow-up survey on the Shona community after acquisition of citizenship,country,yes,https://data.unhcr.org/en/documents/details/111718,respondent / SDG workstream,covers/ex114.png,ok,2026-09-30
ex115,115,2025,Burkina Faso,NATIONAL INSTITUTE OF STATISTICS AND DEMOGRAPHY (INSD),Study on the living conditions of forced displaced persons: baseline survey,country,yes,,,,missing: image not in repo or SharePoint,
ex116,116,2024,Kenya,KENYA NATIONAL BUREAU OF STATISTICS,KNBS is continuously collecting annual data on Registered Refugees and Asylum Seekers from the Department for Refugee Services,country,yes,https://www.knbs.or.ke/reports/2024-economic-survey/,respondent / SDG workstream,,"missing: failed: HTTPSConnectionPool(host='www.knbs.or.ke', port=443): Max retries exceeded with ur",
ex117,117,2025,Burkina Faso,NATIONAL INSTITUTE OF STATISTICS AND DEMOGRAPHY (INSD),Harmonized survey on household living conditions (EHCVM-3),country,yes,,,,missing: no source link yet,
ex118,118,2023,Norway,STATISTICS NORWAY,How do refugees fare in the Norwegian education system?,country,yes,https://www.ssb.no/befolkning/innvandrere/artikler/hvordan-presterer-flyktninger-pa-skolebenken,respondent / SDG workstream,,rejected: stock photo,2026-09-30
ex119,119,2024,Yemen,WORLD BANK (WB),Yemen Household Budget Survey 2025,country,yes,,,,missing: no source link yet,
ex120,120,2025,Burkina Faso,NATIONAL INSTITUTE OF STATISTICS AND DEMOGRAPHY (INSD),Multiple Indicator Cluster Survey (MICS-BFA 2026),country,yes,,,,missing: no source link yet,
ex121,121,2025,,AFRICAN UNION (AU),Guidelines on Migration and forced displacement,institution,yes,,,,missing: no source link yet,
ex122,122,2023,Netherlands,STATISTICS NETHERLANDS,The Report on Integration and Society (in Dutch: Report on Integration and Society),country,no/dk,,,,missing: no source link yet,
ex123,123,2024,Georgia,NATIONAL STATISTICS OFFICE OF GEORGIA,"Census collects information on refugees, idps and migrants by reason of migration",country,yes,,,,missing: no source link yet,
ex124,124,2025,,AFRICAN UNION (AU),4th African School on Migration Statistics,institution,yes,https://statafric.au.int/en/news/press-releases/2025-09-04/4th-african-school-migration-statistics,web search: STATAFRIC press release,covers/ex124.png,ok: report cover from the page preview,2026-09-30
ex125,125,2023,Canada,STATS CANADA,Census of Population,country,yes,,,,missing: no source link yet,
ex126,126,2025,Thailand,INTERNATIONAL ORGANIZATION FOR MIGRATION (IOM),IOM-Thailand National Statistical Office Capacity Building Workshop on Strengthening Migration-related Data for Migration Data Governance in Thailand,institution,yes,,,,missing: no source link yet,
ex127,127,2023,Canada,STATS CANADA,Longitudinal Immigration Database,country,yes,,,,missing: no source link yet,
ex128,128,2025,Thailand,INTERNATIONAL ORGANIZATION FOR MIGRATION (IOM),Thailand 2025 Labour Force Survey – Migration Module,country,yes,https://www.nso.go.th/public/e-book/Analytical-Reports/Migration-survey-2562-2566-Eng/6,web search: related NSO-IOM report on 2019-2023 rounds; 2025 module not yet published,,missing: link gives 404 to scripts; related report only,
ex129,129,2023,Canada,STATS CANADA,Demographic Estimates Program,country,yes,,,,missing: no source link yet,
ex130,130,2025,Bangladesh,INTERNATIONAL ORGANIZATION FOR MIGRATION (IOM),Bangladesh IDP mapping in coordination with government,institution,yes,,,,missing: no source link yet,
ex131,131,2023,Türkiye,PRESIDENCY OF MIGRATION MANAGEMENT,Support the PDMMs - Phase V,country,no/dk,,,,missing: no source link yet,
ex132,132,2024,Norway,STATISTICS NORWAY,"Statistics on refugees with collective protection who have completed the introduction program, employment: https://www.ssb.no/arbeid-og-lonn/sysselsetting/artikler/ukrainske-flyktninger-etter-introduksjonsprogram-pa-arbeidsmarkedet",country,yes,,,,missing: no source link yet,
ex133,133,2025,,INTERNATIONAL ORGANIZATION FOR MIGRATION (IOM),IOM Asia-Pacific Migration Data Report 2025,institution,yes,,,,missing: no source link yet,
ex134,134,2023,Türkiye,PRESIDENCY OF MIGRATION MANAGEMENT,Reinforce Effectiveness of National Asylum Procedures in Compliance with International Standards and National Legislation,country,no/dk,,,,missing: no source link yet,
ex135,135,2024,Norway,STATISTICS NORWAY,Ukrainian refugees in employment: https://www.ssb.no/arbeid-og-lonn/sysselsetting/artikler/en-av-tre-ukrainere-er-i-jobb,country,yes,,,,missing: no source link yet,
ex136,136,2025,Central African Republic,CENTRAL AFRICAN INSTITUTE OF STATISTICS AND ECONOMIC AND SOCIAL STUDIES (ICASEES),this is the case where ICASEES took these types of population into account in the RGPH-4,country,yes,,,,missing: no source link yet,
ex137,137,2023,Türkiye,PRESIDENCY OF MIGRATION MANAGEMENT,SUPPORT TO THE TÜRKIYE - ITALY BILATERAL COOPERATION ON CROSS MEDITERRANEAN MIGRATION IRREGULAR FLOWS,country,no/dk,,,,missing: no source link yet,
ex138,138,2024,Norway,STATISTICS NORWAY,Youth with an immigrant background in employment and education: https://www.ssb.no/arbeid-og-lonn/unge-med-innvandrerbakgrunn-i-arbeid-og-utdanning,country,no/dk,,,,missing: no source link yet,
ex139,139,2025,Norway,STATISTICS NORWAY,"Refugees in and outside the Labour Marked, 2023",country,yes,https://www.ssb.no/arbeid-og-lonn/sysselsetting/artikler/flyktninger-i-og-utenfor-arbeidsmarkedet-2023,respondent / SDG workstream,,rejected: stock photo,2026-09-30
ex140,140,2023,,EAST AFRICAN COMMUNITY (EAC),EAC Migration Statistics Report Edition Two - under the AUC/EAC/SCB Coorperation Project on migration statistics,institution,yes,,,,missing: no source link yet,
ex141,141,2025,Norway,STATISTICS NORWAY,"Unaccompanied Minor Refugees, 2023",country,yes,https://www.ssb.no/befolkning/innvandrere/artikler/mange-enslige-mindrearige-flyktninger-fra-ukraina,respondent / SDG workstream,,rejected: stock photo,2026-09-30
ex142,142,2023,,UNITED NATIONS ECONOMIC AND SOCIAL COMMISSION FOR ASIA AND THE PACIFIC (UN-ESCAP),CRVS,institution,yes,,,,missing: no source link yet,
ex143,143,2024,Nigeria,INTERNAL DISPLACEMENT MONITORING CENTRE (IDMC),"IDMC provided recommendations/advice for a survey by the Nigeria National Commission for Refugees, Migrants and IDPs (NCFRMI) in February, which integrated IRIS.",country,yes,,,,missing: no source link yet,
ex144,144,2023,,UNITED NATIONS ECONOMIC AND SOCIAL COMMISSION FOR ASIA AND THE PACIFIC (UN-ESCAP),Census and population registers,institution,no/dk,,,,missing: no source link yet,
ex145,145,2024,South Africa,INTERNAL DISPLACEMENT MONITORING CENTRE (IDMC),Government of South Africa (NSO): we provided an overview of internal displacement in the country and list of recommendations on how to develop a monitoring system and what data would be needed to paint a comprehensive picture of ID in the country.,country,yes,,,,missing: no source link yet,
ex146,146,2023,,UNITED NATIONS HIGH COMMISSIONER FOR REFUGEES (UNHCR),Internal capacity-building activities,institution,yes,,,,missing: no source link yet,
ex147,147,2024,Honduras,INTERNAL DISPLACEMENT MONITORING CENTRE (IDMC),IDMC provided recommendations to INE and its partners in Honduras during an in-person workshop based on IRIS in May.,country,yes,,,,missing: no source link yet,
ex148,148,2025,Norway,STATISTICS NORWAY,"Resettlement refugees, 2024",country,yes,,,,missing: no source link yet,
ex149,149,2023,,UNITED NATIONS HIGH COMMISSIONER FOR REFUGEES (UNHCR),Planning for UN ESCWA training workshop in 2024,institution,yes,,,,missing: no source link yet,
ex150,150,2024,Panama,INTERNAL DISPLACEMENT MONITORING CENTRE (IDMC),IDMC provided recommendations to the Panama's Ministry of Environment based on IRIS in an in person workshop in May.,country,yes,,,,missing: no source link yet,
ex151,151,2025,Democratic Republic of the Congo,NATIONAL INSTITUTE OF STATISTICS (INS) - DRC,The Survey on Household Living Conditions,country,yes,,,,missing: image not in repo or SharePoint,
ex152,152,2023,,UNITED NATIONS HIGH COMMISSIONER FOR REFUGEES (UNHCR),UN ESCAP-EGRISS workshop in the Asia-Pacific,institution,yes,,,,missing: no source link yet,
ex153,153,2024,Uganda,INTERNAL DISPLACEMENT MONITORING CENTRE (IDMC),"Red Crescent Society of Uganda: Similar to the South Africa request, we provided an overview of the internal displacement situation in the country as well as a list of recommendations on how to improve existing system(s).",country,yes,,,,missing: image not in repo or SharePoint,
ex154,154,2025,,SCALABRINI INTERNATIONAL MIGRATION NETWORK,Data base,institution,no/dk,,,,missing: no source link yet,
ex155,155,2023,,UNITED NATIONS HIGH COMMISSIONER FOR REFUGEES (UNHCR),Online webinar/training courses to external stakeholders,institution,yes,,,,missing: no source link yet,
ex156,156,2024,,INTERNAL DISPLACEMENT MONITORING CENTRE (IDMC),"Information Management Working Group of West and Central Africa: Organizing an online workshop (this Thursday) to discuss disaster displacement data in the region for 2024. IDMC will provide a conceptual overview of disaster displacement and explain some of the shortcomings in defining the latter in the region. The workshop is convening regional focal points from UNCHR, IOM, and OCHA.",institution,yes,,,,missing: no source link yet,
ex157,157,2025,Bangladesh,INTERNAL DISPLACEMENT MONITORING CENTRE (IDMC),Bangladesh: Optimizing Internal Displacement Data Collection and Reporting Systems,institution,no/dk,,,,missing: no source link yet,
ex158,158,2023,,UNITED NATIONS STATISTICAL INSTITUTE FOR ASIA AND THE PACIFIC (UNSIAP),E-Learning course on Introduction to International Recommendations on Refugee and IDP (Internally Displaced Person) Statistics,institution,yes,,,,missing: no source link yet,
ex159,159,2024,,INTERNAL DISPLACEMENT MONITORING CENTRE (IDMC),"Africa Report 2024: To an extent, IDMC is also putting forth some (if not many) of the IRIS recommendations in its upcoming regional Africa Report, specifically in the Data Chapter.",institution,yes,,,,missing: no source link yet,
ex160,160,2025,Guatemala,INTERNAL DISPLACEMENT MONITORING CENTRE (IDMC),Guatemala: Strengthening National Capacity in Data and Reporting on Internal Displacement,institution,no/dk,,,,missing: no source link yet,
ex161,161,2023,Poland,STATISTICS POLAND,Health of refugees from Ukraine to Poland 2022 - survey and research report in cooperation with WHO,country,yes,https://stat.gov.pl/wydarzenia/wydarzenia-miedzynarodowe/health-of-refugees-from-ukraine-in-poland-2022-survey-findings,respondent / SDG workstream,,"missing: failed: ('Connection aborted.', RemoteDisconnected('Remote end closed connection without r",
ex162,162,2024,Syrian Arab Republic,INTERNAL DISPLACEMENT MONITORING CENTRE (IDMC),IDP Taskforce of Syria: IDMC is providing technical support to the taskforce and sharing guidance (closely linked with IRIS) in bi-weekly meetings. It is also co-organizing a workshop with the partners in the group in Istanbul in December 2024.,institution,yes,,,,missing: no source link yet,
ex163,163,2025,Kenya,INTERNAL DISPLACEMENT MONITORING CENTRE (IDMC),"Kenya: Strengthening National Capacity in Internal Displacement Data, with a focus on IRIS",institution,yes,,,,missing: no source link yet,
ex164,164,2023,,UNITED NATIONS HIGH COMMISSIONER FOR REFUGEES (UNHCR),Modelling the age and sex of refugees,institution,yes,,,,missing: no source link yet,
ex165,165,2024,Somalia,INTERNAL DISPLACEMENT MONITORING CENTRE (IDMC),IDP Working Group Somalia: IDMC continues to be an active member of the IDP Working Group of Somalia. It ensures the data is collected and reported on in a manner that follows IRIS. It also provides feedback on the annual stock figure calculations to ensure this is methodologically sound and comparable to other contexts.,institution,yes,,,,missing: no source link yet,
ex166,166,2025,Nigeria,INTERNAL DISPLACEMENT MONITORING CENTRE (IDMC),"Nigeria: Strengthening National Capacity in Internal Displacement Data, with a focus on Disaster Displacement and IRIS",institution,yes,,,,missing: no source link yet,
ex167,167,2023,Democratic Republic of the Congo,UNITED NATIONS HIGH COMMISSIONER FOR REFUGEES (UNHCR),Harmonising IDP data in the Dem. Rep. of the Congo,institution,yes,,,,missing: no source link yet,
ex168,168,2024,Marshall Islands,INTERNAL DISPLACEMENT MONITORING CENTRE (IDMC),October / Marshall Islands: Provided feedback and input to NDMO forms and surveys on disaster impacts shared by IOM. This includes incorporating and ensuring that relevant displacement information is aligned with IRIS data structure.,country,yes,,,,missing: image not in repo or SharePoint,
ex169,169,2025,Ghana,INTERNAL DISPLACEMENT MONITORING CENTRE (IDMC),Ghana: Strengthening National Capacity in Internal Displacement Data,institution,no/dk,,,,missing: no source link yet,
ex170,170,2023,,"EUROSTAT, EUROPEAN COMMISSION (EUROSTAT)",Redeveloping European statistics on population and housing (ESOP),institution,yes,,,,missing: no source link yet,
ex171,171,2025,Djibouti,NATIONAL INSTITUTE OF STATISTICS (INSTAD),"Earlier this year (2025), INSTAD in collaboration with Ministries, Departments and Agencies (MDAs) that are members of our national Technical Working Group (TWG) on Migration and Forced Displacement Statistics, finalized a two year Action Plan aimed at strengthening and improving the technical capabilities of national institutions to collect, analyze, use and disseminate high quality statistics on migration and forced displacements guided by international recommendations, and particularly IRIS, IRRS and IROSS among others.",country,yes,,,,missing: no source link yet,
ex172,172,2023,,UNITED NATIONS ECONOMIC AND SOCIAL COMMISSION FOR WESTERN ASIA (UN-ESCWA),Supporting the Enhancement and Modernization of Demographic and Social Statistics in Arab states,institution,yes,,,,missing: no source link yet,
ex173,173,2024,,UNITED NATIONS STATISTICAL INSTITUTE FOR ASIA AND THE PACIFIC (UNSIAP),"E-learning course (International Recommendations on Refugee, IDP and Statelessness Statistics)",institution,yes,,,,missing: no source link yet,
ex174,174,2025,Mexico,NATIONAL INSTITUTE OF STATISTICS AND GEOGRAPHY (INEGI),Intercensal Survey,country,yes,,,,missing: no source link yet,
ex175,175,2023,,COMMON MARKET FOR EASTERN AND SOUTHERN AFRICA (COMESA),Capacity Development in Migration Statistics,institution,no/dk,,,,missing: no source link yet,
ex176,176,2024,Belarus,NATIONAL STATISTICAL COMMITTEE OF THE REPUBLIC OF BELARUS,"A training workshop on the linkages between migration and sustainable development, how to review and report on the SDGs, and other migration management issues in practice.",country,yes,,,,missing: no source link yet,
ex177,177,2025,Mexico,NATIONAL INSTITUTE OF STATISTICS AND GEOGRAPHY (INEGI),National Survey of Victimization and Perception of Public Safety,country,yes,https://www.inegi.org.mx/programas/envipe/2025/#datos_abiertos,respondent / SDG workstream,,missing: no cover: web page without a preview image,
ex178,178,2023,,"UNITED NATIONS EDUCATIONAL, SCIENTIFIC AND CULTURAL ORGANIZATION (UNESCO)",Towards greater inclusion of refugees in national education systems,institution,yes,,,,missing: no source link yet,
ex179,179,2024,Belarus,NATIONAL STATISTICAL COMMITTEE OF THE REPUBLIC OF BELARUS,International conference “Measures taken in the Republic of Belarus to counteract illegal migration and positive experience of regional cooperation in addressing this problem”.,country,no/dk,,,,missing: no source link yet,
ex180,180,2025,Ethiopia,WORLD BANK (WB),"[Ongoing] TF0C8360 - Unlocking Refugee Wage and Self-Employment in Ethiopia through Evidence, Piloting, and Capacity Building",country,yes,,,,missing: no source link yet,
ex181,181,2023,,UNITED NATIONS CHILDREN’S FUND (UNICEF),"Guidance Note: ""Responsible Disaggregation of Data on Refugee and Other Forcibly Displaced Children",institution,yes,,,,missing: no source link yet,
ex182,182,2024,Belarus,NATIONAL STATISTICAL COMMITTEE OF THE REPUBLIC OF BELARUS,"International Technical Assistance Project “Assisting the Republic of Belarus in Strengthening Monitoring, Evaluation and Reporting on Migration-related SDGs”",country,no/dk,,,,missing: no source link yet,
ex183,183,2025,Ethiopia,WORLD BANK (WB),[Planned] TF0C7841 - Pathways Towards Durable Solutions for Forcibly Displaced Groups in Ethiopia,institution,yes,,,,missing: no source link yet,
ex184,184,2024,Jordan,JORDAN DEPARTMENT OF STATISTICS,Refugee questions were included in the labor force survey,country,yes,https://dosweb.dos.gov.jo/labourforce/employment-and-unemployment/,respondent / SDG workstream,,rejected: file-format icon,2026-09-30
ex185,185,2025,Armenia,ARMSTAT,"Digitalized Administrative source (Migration and Citizenship Service of the M-stry of Interior) of asylum seekers and recognized refugees: https://www.armstat.am/file/article/demog_2024_7.pdf, p.160-162",country,yes,https://www.armstat.am/file/doc/99552283.pdf,respondent / SDG workstream,,rejected: PDF page 1 is an inner yearbook page,2026-09-30
ex186,186,2025,South Sudan,UNITED NATIONS HIGH COMMISSIONER FOR REFUGEES (UNHCR),FDS South Sudan,institution,yes,,,,missing: no source link yet,
ex187,187,2024,Slovenia,STATISTICAL OFFICE OF THE REPUBLIC OF SLOVENIA (SURS),All data are collected in administrative databases of Ministry of the Interior,country,no/dk,,,,missing: no source link yet,
ex188,188,2025,Cameroon,UNITED NATIONS HIGH COMMISSIONER FOR REFUGEES (UNHCR),FDS Cameroon,institution,yes,,,,missing: no source link yet,
ex189,189,2023,,UNITED NATIONS HIGH COMMISSIONER FOR REFUGEES (UNHCR),Improving UNHCR Refugee Estimates in Europe,institution,yes,,,,missing: no source link yet,
ex190,190,2024,Indonesia,BPS-STATISTICS INDONESIA,Pilot Test for the 2025 Intercensal Population Survey,country,no/dk,,,,missing: no source link yet,
ex191,191,2025,Pakistan,UNITED NATIONS HIGH COMMISSIONER FOR REFUGEES (UNHCR),FDS Pakistan,institution,yes,,,,missing: no source link yet,
ex192,192,2023,Republic of Moldova,UNITED NATIONS HIGH COMMISSIONER FOR REFUGEES (UNHCR),Socioeconomic Assessment of Refugees and Host Communities in the Republic of Moldova,institution,yes,,,,missing: no source link yet,
ex193,193,2025,Iraq,KURDISTAN REGION STATISTICS OFFICE,Planning to implement Livelihood Survey for Refugees in KR comparable to Iraq HH socio economic survey 2023-2024,country,yes,,,,missing: no source link yet,
ex194,194,2023,Italy,UNITED NATIONS HIGH COMMISSIONER FOR REFUGEES (UNHCR),Study on Socioeconomic Situation of Beneficiaries of International and Temporary Protection in Italy,country,yes,,,,missing: no source link yet,
ex195,195,2024,Republic of Moldova,GENERAL INSPECTORATE FOR MIGRATION OF THE MINISTRY OF INTERNAL AFFAIRS OF THE REPUBLIC OF MOLDOVA,"Creation of a new Information System,, Migration,,",country,yes,,,,missing: no source link yet,
ex196,196,2025,,"STATISTICAL, ECONOMIC AND SOCIAL RESEARCH AND TRAINING CENTRE FOR ISLAMIC COUNTRIES (SESRIC)","Training Course on ""Migration and Refugee Statistics"", Planned",institution,yes,,,,missing: no source link yet,
ex197,197,2023,,UNITED NATIONS HIGH COMMISSIONER FOR REFUGEES (UNHCR),2023 Regional Multi-Sectoral Needs Assessment for the Ukraine Situation,institution,yes,,,,missing: no source link yet,
ex198,198,2024,,UNITED NATIONS ECONOMIC AND SOCIAL COMMISSION FOR ASIA AND THE PACIFIC (UN-ESCAP),Workshop on inclusion in CRVS systems,institution,no/dk,,,,missing: no source link yet,
ex199,199,2025,Côte d'Ivoire,NATIONAL INSTITUTE OF STATISTICS (INS) - CÔTE D'IVOIRE,National survey on migration in Côte d'Ivoire 2025,country,no/dk,,,,missing: no source link yet,
ex200,200,2023,,UNITED NATIONS HIGH COMMISSIONER FOR REFUGEES (UNHCR),Intentions Surveys with Refugee from Ukraine,institution,yes,,,,missing: no source link yet,
ex201,201,2025,Colombia,VICTIMS UNIT,"Massive events in Colombia: memory, figures and current dynamics",country,yes,,,,missing: no source link yet,
ex202,202,2023,,STATISTICS SWEDEN AT STATAFRIC,Cooperation project between the AUC/RECs/SSB/SCB,institution,yes,,,,missing: no source link yet,
ex203,203,2024,,UNITED NATIONS RELIEF AND WORKS AGENCY FOR PALESTINE REFUGEES IN THE NEAR EAST (UNRWA),Estimate the number of Palestine refugees and other people registered with UNRWA by place of residence,institution,yes,,,,missing: no source link yet,
ex204,204,2025,Colombia,VICTIMS UNIT,FORCED DISPLACEMENT REPORT II SEMESTER 2024,country,yes,https://datospaz.unidadvictimas.gov.co/,respondent / SDG workstream,covers/ex204.png,"ok: data-portal banner, not a report",2026-09-30
ex205,205,2023,,INTERNATIONAL DATA ALLIANCE FOR CHILDREN ON THE MOVE (IDAC),"Guidance on ""Children on the Move: Key terms, definitions and concepts",institution,yes,,,,missing: no source link yet,
ex206,206,2025,Nigeria,"NATIONAL COMMISSION FOR REFUGEES, MIGRANTS AND INTERNALLY DISPLACED PERSONS (NCFRMI) - NIGERIA","L1&L2 registration of new arrival from Cameroon using BIMS, IRIS, etcRegistration, documentation refugees status determination interview for asylum seekers from over 34 countries.",country,yes,,,,missing: no source link yet,
ex207,207,2023,,INTERNATIONAL DATA ALLIANCE FOR CHILDREN ON THE MOVE (IDAC),Guidelines on Indicators for Children on the Move,institution,yes,,,,missing: no source link yet,
ex208,208,2024,Cambodia,"NATIONAL INSTITUTE OF STATISTICS, MINISTRY OF PLANNING CAMBODIA",Cambodia Inter-Censal Population Survey,country,yes,,,,missing: image not in repo or SharePoint,
ex209,209,2025,Nigeria,"NATIONAL COMMISSION FOR REFUGEES, MIGRANTS AND INTERNALLY DISPLACED PERSONS (NCFRMI) - NIGERIA","voluntary repatriation of over7000 Nigerian refugees in Chad Republic, Resettlement of over400 individual refugees and IDPs to the Keffi Resettlement City in May, 2025 and launched by the first lady of Nigeria Senator Oluremi Tinubu",country,yes,,,,missing: no source link yet,
ex210,210,2024,South Africa,STATISTICS SOUTH AFRICA,Continous Population Survey (CPS),country,yes,,,,missing: no source link yet,
ex211,211,2025,,EAST AFRICAN COMMUNITY (EAC),EAC MIGRATION STATISTICS REPORT EDITION THREE,institution,yes,,,,missing: no source link yet,
ex212,212,2023,United Kingdom,OFFICE FOR NATIONAL STATISTICS (ONS),Early integration outcomes for refugees resettled in England and Wales: 2015 to 2021.,country,no/dk,,,,missing: image not in repo or SharePoint,
ex213,213,2023,United Kingdom,OFFICE FOR NATIONAL STATISTICS (ONS),Refugee Integration Outcomes,country,no/dk,https://www.ons.gov.uk/peoplepopulationandcommunity/populationandmigration/internationalmigration/methodologies/refugeeintegrationoutcomesriodatalinkagepilot,respondent / SDG workstream,,missing: no cover: web page without a preview image,
ex214,214,2024,Ghana,INTERNATIONAL ORGANIZATION FOR MIGRATION (IOM),2024 Ghana Registration Survey,institution,no/dk,,,,missing: no source link yet,
ex215,215,2023,United Kingdom,OFFICE FOR NATIONAL STATISTICS (ONS),"Published statistics relating to refugees, asylum seekers and irregular migrants.",country,no/dk,,,,missing: no source link yet,
ex216,216,2024,,INTERNATIONAL ORGANIZATION FOR MIGRATION (IOM),Data collection on internally displaced persons all over Chad,institution,yes,,,,missing: no source link yet,
ex217,217,2025,Mali,INSTITUTE OF STATISTICS (INSTAT),Mali to be integrated in 2025 into the permanent modular survey of modules to collect data on the living conditions of internally displaced people and refugees,country,yes,,,,missing: no source link yet,
ex218,218,2023,Armenia,ARMSTAT,The results of 2022 Population Census in the Republic of Armenia,country,yes,https://www.arlis.am/DocumentView.aspx?DocID=167733,respondent / SDG workstream,,rejected: site logo,2026-09-30
ex219,219,2024,,INTERNATIONAL ORGANIZATION FOR MIGRATION (IOM),Data collection and site management of Chadian returnees from Sudan,institution,no/dk,,,,missing: no source link yet,
ex220,220,2025,,UNITED NATIONS POPULATION FUND (UNFPA),Conducted a technical workshop with National Statistical Organizations in the Arab region in May 2025 emphasizing the importance of including refugees and internally displaced persons in census questionnaires and developing thematic analytical reports on these populations to highlight their welfare relative to the general population and inform policy and programmatic actions.,institution,yes,,,,missing: no source link yet,
ex221,221,2023,Switzerland,SWISS FEDERAL STATISTICAL OFFICE (FSO),Population statistics according to permit of stay or immigration reason,country,no/dk,,,,missing: no source link yet,
ex222,222,2024,,UNITED NATIONS HIGH COMMISSIONER FOR REFUGEES (UNHCR),Alignment of UNHCR statistics with EGRISS recommendations,institution,yes,,,,missing: no source link yet,
ex223,223,2025,,UNITED NATIONS POPULATION FUND (UNFPA),"Conducted in collaboration with the League of Arab States and ESCWA, an Expert Group Meeting of government representatives from the Arab States Region in September 2025 on Civil Registration and Vital Statistics (CRVS), emphasizing the importance of ensuring inclusivity of these systems for refugees and internally displaced persons.",institution,yes,,,,missing: no source link yet,
ex224,224,2023,Colombia,NATIONAL ADMINISTRATIVE DEPARTMENT OF STATISTICS (DANE),DANE Inter-Administrative Agreement - Victims Unit,country,no/dk,,,,missing: image not in repo or SharePoint,
ex225,225,2024,Somalia,THE NATIONAL COMMISSION FOR REFUGEES AND IDPS (NCRI),"Since it's re-establishment in 2012, NCRI collects, analayzes and verifies Refugee and Aslym seeker data biometrically, faciliatated and supported by UNHCR. On the IDP front we used to do and still carry on ground exercises using paper sheet registration, house hold survery, and head counts, taking considerations to reweight for accurate estimated statistics. This year 2024 we Introduced NCRI biometric registration system for IDPs and now reached more than 22,000 IDPs, but the need is far from near to cover.",country,no/dk,,,,missing: no source link yet,
ex226,226,2025,,UNITED NATIONS POPULATION FUND (UNFPA),"Conducted an assessment in 10 selected countries in the Arab States region on CRVS, with a focus on marriage and divorce registration, looking at the legal and policy environment, governance and coordination, digitalization, data production and use, resources and capacity and outreach and inclusion of various population groups, including refugees and internally displaced persons.",institution,yes,,,,missing: no source link yet,
ex227,227,2023,Colombia,NATIONAL ADMINISTRATIVE DEPARTMENT OF STATISTICS (DANE),Research project to strengthen the statistical offer for victims,country,no/dk,,,,missing: no source link yet,
ex228,228,2024,Sweden,SWEDISH INTERNATIONAL DEVELOPMENT COOPERATION AGENCY (SIDA),Sida Migration / Displacement Toolbox,country,no/dk,,,,missing: no source link yet,
ex229,229,2025,Colombia,NATIONAL ADMINISTRATIVE DEPARTMENT OF STATISTICS (DANE),"Use of the Single Registry of Victims to carry out cross-references between sources such as continuous surveys and censuses, so that demographic, social and economic profiles of the IDPs can be determined.",country,yes,,,,missing: no source link yet,
ex230,230,2023,United States of America,US CENSUS BUREAU,Country technical assistance on population and housing census,institution,yes,,,,missing: no source link yet,
ex231,231,2024,Norway,STATISTICS NORWAY,Resettlement refugees,country,yes,,,,missing: no source link yet,
ex232,232,2025,Bangladesh,WORLD HEALTH ORGANIZATION (WHO),"World Health Survey Plus (WHS+) - Cox's Bazar, Bangladesh",institution,no/dk,,,,missing: no source link yet,
ex233,233,2023,United States of America,US CENSUS BUREAU,Participation in the Interagency Working Group on Interoperability,institution,yes,,,,missing: no source link yet,
ex234,234,2024,Norway,STATISTICS NORWAY,Unregistered Emigration from Norway: Mapping the Extent,country,yes,https://www.ssb.no/befolkning/flytting/artikler/uregistrert-utvandring-fra-norge,respondent / SDG workstream,,rejected: stock photo,2026-09-30
ex235,235,2025,Poland,STATISTICS POLAND,HEALTH OF REFUGEES IN UKRAINE,country,yes,,,,missing: image not in repo or SharePoint,
ex236,236,2024,Norway,STATISTICS NORWAY,"Refugees and the Labour Market, Monitor 2022",country,yes,https://www.ssb.no/arbeid-og-lonn/flyktninger-og-arbeidsmarkedet,respondent / SDG workstream,,missing: no cover: web page without a preview image,
ex237,237,2025,Slovenia,STATISTICAL OFFICE OF THE REPUBLIC OF SLOVENIA (SURS),"In accordance with Regulation (EC) No 862/2007 and Regulation (EU) 2020/851 on Community statistics on migration and international protection, we are fully compliant.",country,yes,,,,missing: no source link yet,
ex238,238,2023,,ECONOMIC COMMUNITY OF WEST AFRICAN STATES (ECOWAS),Annual report,institution,yes,,,,missing: no source link yet,
ex239,239,2024,Norway,STATISTICS NORWAY,"Unaccompanied Minor Refugees 1996-2022, Monitor: Demographics, Education, Employment, and Income",country,yes,,,,missing: no source link yet,
ex240,240,2025,,ASIAN DEVELOPMENT BANK (ADB),Publication: Towards Durable Solutions: Mapping and Analysis of Displacement Data in Asia and the Pacific,institution,yes,,,,missing: no source link yet,
ex241,241,2023,Egypt,"CENTRAL AGENCY FOR PUBLIC MOBILIZATION AND STATISTICS, EGYPT",International Migration Survey,institution,yes,,,,missing: no source link yet,
ex242,242,2024,Norway,STATISTICS NORWAY,Transition to Norwegian Citizenship 1977-2023,country,yes,,,,missing: no source link yet,
ex243,243,2025,Cameroon,JOINT IDP PROFILING SERVICES (JIPS),Sample based household survey in the West of Cameroon (5 Municipalities) targeting IDPs and non-displaced.,institution,yes,,,,missing: no source link yet,
ex244,244,2023,Egypt,"CENTRAL AGENCY FOR PUBLIC MOBILIZATION AND STATISTICS, EGYPT",Study on conditions of refugees in Egypt,institution,yes,,,,missing: no source link yet,
ex245,245,2024,Norway,STATISTICS NORWAY,"Ukrainians in Employment in Norway,",country,yes,,,,missing: no source link yet,
ex246,246,2025,Mozambique,JOINT IDP PROFILING SERVICES (JIPS),"Sample based household survey in metropolitan Pemba, Mozambique.",institution,yes,,,,missing: no source link yet,
ex247,247,2023,,INTERGOVERNMENTAL AUTHORITY ON DEVELOPMENT (IGAD),Africa Union RECs and Statistic Sweden Project,institution,yes,,,,missing: no source link yet,
ex248,248,2024,Norway,STATISTICS NORWAY,Income of Refugees Settled Between 2015 and 2018,country,yes,,,,missing: no source link yet,
ex249,249,2025,Mauritania,UNITED NATIONS HIGH COMMISSIONER FOR REFUGEES (UNHCR),Permanent surveys on household living conditions (EPCV) - 2025-26,country,yes,,,,missing: no source link yet,
ex250,250,2023,,INTERGOVERNMENTAL AUTHORITY ON DEVELOPMENT (IGAD),IGAD SIMPI projects,institution,yes,,,,missing: no source link yet,
ex251,251,2025,Mauritania,UNITED NATIONS HIGH COMMISSIONER FOR REFUGEES (UNHCR),Multiple Indicator Cluster Surveys (MICS) – 2026,country,yes,,,,missing: no source link yet,
ex252,252,2023,South Sudan,NATIONAL BUREAU OF STATISTICS,The thematic report of the Population Estimation Survey conducted in 2021.,country,yes,,,,missing: no source link yet,
ex253,253,2024,Italy,NATIONAL INSTITUTE OF STATISTICS (ISTAT),"We produced an integrated and longitudinal dataset using data derived from residence permits, from Population Register and form the Datasets of Ministry of Education. This dataset is used to study the integration paths of asylum seekers in Italy.",country,yes,https://unece.org/sites/default/files/2024-04/2.Refugees%20WP1%20ITA%20Conti%20Pangallo.pdf,respondent / SDG workstream,,missing: failed: 403 Client Error: Forbidden,
ex254,254,2025,Mauritania,UNITED NATIONS HIGH COMMISSIONER FOR REFUGEES (UNHCR),Quarterly employment survey (LFS) - Q3 and Q4 2025,country,yes,,,,missing: no source link yet,
ex255,255,2023,Peru,WORLD BANK-UNHCR JOINT DATA CENTER ON FORCED DISPLACEMENT (JDC),Peru: Extending Peru's National Household Survey (ENAHO) to the Venezuelan Refugee and Migrant Population,country,yes,,,,missing: image not in repo or SharePoint,
ex256,256,2024,Italy,NATIONAL INSTITUTE OF STATISTICS (ISTAT),A sample of refugees women will be included in the next survey about the violence on women,country,no/dk,,,,missing: image not in repo or SharePoint,
ex257,257,2025,South Sudan,NATIONAL BUREAU OF STATISTICS (NBS),Household Budget Survey 2025,country,yes,,,,missing: no source link yet,
ex258,258,2023,Lebanon,WORLD BANK-UNHCR JOINT DATA CENTER ON FORCED DISPLACEMENT (JDC),Syrians in Lebanon's MICS,country,yes,,,,missing: no source link yet,
ex259,259,2024,Italy,NATIONAL INSTITUTE OF STATISTICS (ISTAT),We contributed to a study conducted by UNHCR in Italy about the socio-economic integration of refugees,country,yes,,,,missing: image not in repo or SharePoint,
ex260,260,2025,South Sudan,NATIONAL BUREAU OF STATISTICS (NBS),MICS Round 7,country,no/dk,,,,missing: no source link yet,
ex261,261,2024,Italy,NATIONAL INSTITUTE OF STATISTICS (ISTAT),We included in a survey on children and young people (aged 11-19 years) a sample of young Ukrainians in Italy. We coopereted with the World Bank on survey about Ukrainians children in Italy,country,yes,https://unece.org/sites/default/files/2024-02/2Innov%20ITA_ENG_0.pdf,respondent / SDG workstream,,missing: failed: 403 Client Error: Forbidden,
ex262,262,2025,Honduras,INSTITUTO NACIONAL DE ESTADÍSTICA,module on PDI in the household survey,country,yes,,,,missing: image not in repo or SharePoint,
ex263,263,2023,Cameroon,WORLD BANK-UNHCR JOINT DATA CENTER ON FORCED DISPLACEMENT (JDC),"Cameroon: Inclusion of refugees and Proper Identification of IDPs and Returnees in the 2023 Population, Housing, Agriculture, and Livestock Census",country,yes,,,,missing: no source link yet,
ex264,264,2024,State of Palestine,PALESTINIAN CENTRAL BUREAU OF STATISTICS (PCBS),Field Surveys: Labor Force Survey,country,yes,https://pcbs.gov.ps/portals/_pcbs/PressRelease/Press_En_LFSQ022024E.pdf,respondent / SDG workstream,,"missing: failed: HTTPSConnectionPool(host='pcbs.gov.ps', port=443): Max retries exceeded with url: ",
ex265,265,2025,,UNITED NATIONS HIGH COMMISSIONER FOR REFUGEES (UNHCR),"UNHCR Data Academy (e-learning): ""Introduction to the International Recommendations on Refugee, IDP & Statelessness Statistics",institution,yes,,,,missing: no source link yet,
ex266,266,2024,State of Palestine,PALESTINIAN CENTRAL BUREAU OF STATISTICS (PCBS),Social and economic conditions of Palestinian families in the Gaza Strip in light of the Israeli aggression on the Gaza Strip (October 2023),country,yes,,,,missing: image not in repo or SharePoint,
ex267,267,2025,,JOINT IDP PROFILING SERVICES (JIPS),Regional standard on forced displacement and migration statistics CEPAL - LAC,institution,yes,,,,missing: no source link yet,
ex268,268,2024,State of Palestine,PALESTINIAN CENTRAL BUREAU OF STATISTICS (PCBS),Administrative records available at international organizations (UNRWA),country,yes,,,,missing: image not in repo or SharePoint,
ex269,269,2025,Nigeria,JOINT IDP PROFILING SERVICES (JIPS),"Data collection for durable solutions analysis of IDPs in Sokoto town, Nigeria (EU project implemented by DRC)",institution,yes,,,,missing: no source link yet,
ex270,270,2024,State of Palestine,PALESTINIAN CENTRAL BUREAU OF STATISTICS (PCBS),"Participation in a training workshop on international recommendations on statistics of refugees, internally displaced persons and stateless persons held in Cairo on 26-28/11/2024 organized by the Arab Institute for Statistical Research, ESCWA, and the Expert Group on Statistics of Refugees, Displaced Persons and Statelessness (EGRISS)",country,yes,,,,missing: image not in repo or SharePoint,
ex271,271,2025,Germany,FEDERAL STATISTICAL OFFICE OF GERMANY (DESTATIS),Project implemented to update of statistical matching between administrative and survey data to provide insights on socioeconomic integration of refugees with 2024 data,country,yes,,,,missing: no source link yet,
ex272,272,2024,Greece,MINISTRY OF MIGRATION AND ASYLUM,"Monthly report regarding receptiom, asylum and integration procedures that is being uploaded on the website of ministry of migration and asylum. The data provided in this report refers to refugees/people in need of international protection.",country,yes,,,,missing: no source link yet,
ex273,273,2025,Azerbaijan,STATE STATISTICAL COMMITTEE OF THE REPUBLIC OF AZERBAIJAN,Administrative database,country,no/dk,,,,missing: no source link yet,
ex274,274,2024,Poland,STATISTICAL OFFICE IN RZESZÓW,Health of refugees from Ukraine. A comparative analysis of 2022-2023 surveys and data innovations.,country,yes,https://stat.gov.pl/en/events/international-events/ukrainian-refugee-health-research-2022-2023-and-data-innovation,respondent / SDG workstream,,missing: failed: 404 Client Error: Not Found,
ex275,275,2025,,UNITED NATIONS DEVELOPMENT PROGRAMME (UNDP),1. Strengthening CRVS & Legal Identity Data Systems,institution,yes,,,,missing: no source link yet,
ex276,276,2025,,UNITED NATIONS DEVELOPMENT PROGRAMME (UNDP),2. Durable Solutions Monitoring Frameworks,institution,yes,,,,missing: no source link yet,
ex277,277,2024,,"STATISTICAL, ECONOMIC AND SOCIAL RESEARCH AND TRAINING CENTRE FOR ISLAMIC COUNTRIES (SESRIC)",Training Course on 'Migration and Refugee Statistics',institution,no/dk,,,,missing: no source link yet,
ex278,278,2025,,UNITED NATIONS DEVELOPMENT PROGRAMME (UNDP),3. Access-to-Justice and Rule of Law Data Systems,institution,yes,,,,missing: no source link yet,
ex279,279,2024,Colombia,VICTIMS UNIT,Diagnosis on the Single Registry of Victims,country,yes,,,,missing: no source link yet,
ex280,280,2025,,UNITED NATIONS DEVELOPMENT PROGRAMME (UNDP),4. Municipal and Local Governance Data Systems,institution,yes,,,,missing: no source link yet,
ex281,281,2024,Ghana,GHANA REFUGEE BOARD,proGres Version 4,country,no/dk,,,,missing: no source link yet,
ex282,282,2025,Italy,NATIONAL INSTITUTE OF STATISTICS (ISTAT),Acquisition of new data sources - microdata on asylum applications and decisions,country,yes,,,,missing: no source link yet,
ex283,283,2024,Mali,INTERNATIONAL ORGANIZATION FOR MIGRATION (IOM),"SURVEYS ON SOCIO ECONOMIC CONDITIONS OF IDS, RETURN INTENTION",country,yes,,,,missing: no source link yet,
ex284,284,2025,Italy,NATIONAL INSTITUTE OF STATISTICS (ISTAT),Enhanced the use of record linkage techniques to connect administrative data with other databases (marriages and acquisition of citizenship),country,yes,,,,missing: no source link yet,
ex285,285,2024,Mexico,NATIONAL INSTITUTE OF STATISTICS AND GEOGRAPHY (INEGI),Integrate and calibrate the expansion factors from both ENVIPE 2018 and ENADID 2018,country,yes,,,,missing: no source link yet,
ex286,286,2025,,UNITED NATIONS HIGH COMMISSIONER FOR REFUGEES (UNHCR),2025 Socio-Economic Insights Survey (SEIS) with Refugees from Ukraine,institution,yes,,,,missing: no source link yet,
ex287,287,2024,Republic of Moldova,NATIONAL BUREAU OF STATISTICS,"NBS has included in the 2024 Population and Housing Census dedicated questions to be able to estimate de number of refugees, people in need of international protection, internally displaced persons, or stateless persons",country,yes,,,,missing: no source link yet,
ex288,288,2025,Ukraine,UNITED NATIONS HIGH COMMISSIONER FOR REFUGEES (UNHCR),Building foundations for implementing surveys representative of forcibly displaced people during and after wartime in Ukraine,institution,yes,,,,missing: no source link yet,
ex289,289,2024,Zambia,UNITED NATIONS HIGH COMMISSIONER FOR REFUGEES (UNHCR),Forced displacement survey for Zambia,institution,yes,,,,missing: no source link yet,
ex290,290,2025,,UNITED NATIONS HIGH COMMISSIONER FOR REFUGEES (UNHCR),"Promoting statistical Inclusion of refugees, other forcibly displaced and stateless people in Europe: Guidance for UNHCR operations",institution,yes,,,,missing: no source link yet,
ex291,291,2024,Zambia,UNITED NATIONS HIGH COMMISSIONER FOR REFUGEES (UNHCR),Agriculture Roadmap Zambia,institution,no/dk,,,,missing: no source link yet,
ex292,292,2024,Sudan,WORLD BANK-UNHCR JOINT DATA CENTER ON FORCED DISPLACEMENT (JDC),Sudan: Inclusion of IDPs and Refugees in Sudan High-Frequency Households' Welfare Monitoring Survey,country,yes,,,,missing: no source link yet,
ex293,293,2025,,WORLD BANK (WB),Building Statelessness-Sensitive ID Systems Report,institution,no/dk,,,,missing: no source link yet,
ex294,294,2024,Burundi,WORLD BANK-UNHCR JOINT DATA CENTER ON FORCED DISPLACEMENT (JDC),Burundi: Data and analytics for improved FDPS understanding in Burundi: Support for the inclusion of FDPs in the 2024 Population & Housing Census (PHC) and 2025/26 Integrated Household Living Conditions Survey (EICVMB),country,yes,,,,missing: no source link yet,
ex295,295,2025,Bangladesh,UNITED NATIONS HIGH COMMISSIONER FOR REFUGEES (UNHCR),MICS,country,yes,,,,missing: no source link yet,
ex296,296,2024,Central African Republic,WORLD BANK-UNHCR JOINT DATA CENTER ON FORCED DISPLACEMENT (JDC),Central African Republic: Building Inclusive Statistics: Integrating Forced Displacement and people at risk of statelessness into Central African Republic 4th General Population and Housing Census (RGPH4) and the Multiple Indicator Cluster Surveys,country,yes,,,,missing: no source link yet,
ex297,297,2025,Colombia,WORLD BANK-UNHCR JOINT DATA CENTER ON FORCED DISPLACEMENT (JDC),Colombia: Data-Driven Approaches to Durable Solutions for Forced Displacement in Colombia,institution,yes,,,,missing: no source link yet,
ex298,298,2024,Iraq,WORLD BANK-UNHCR JOINT DATA CENTER ON FORCED DISPLACEMENT (JDC),Iraq: Including Refugees into the Iraq Household and Socioeconomic Survey (IHSES- III),country,yes,,,,missing: no source link yet,
ex299,299,2025,Uganda,WORLD BANK-UNHCR JOINT DATA CENTER ON FORCED DISPLACEMENT (JDC),Uganda: Inclusion of Refugees in National Household Survey,country,yes,,,,missing: no source link yet,
ex300,300,2024,Turkiye,WORLD BANK-UNHCR JOINT DATA CENTER ON FORCED DISPLACEMENT (JDC),Turkiye: Inclusion of Forcibly Displaced Persons in the World Bank's Enterprise Surveys Series Enterprise Surveys Series,country,yes,,,,missing: no source link yet,
ex301,301,2025,Guatemala,WORLD BANK-UNHCR JOINT DATA CENTER ON FORCED DISPLACEMENT (JDC),Guatemala: Building the Evidence Base on Internal Displacement in Guatemala,institution,yes,,,,missing: no source link yet,
ex302,302,2024,,WORLD BANK-UNHCR JOINT DATA CENTER ON FORCED DISPLACEMENT (JDC),Pakistan/Cameroon: Data integration and machine learning to enhance the measurement of living conditions of those affected by forced displacement,institution,yes,,,,missing: no source link yet,
ex303,303,2025,,INTER-AMERICAN DEVELOPMENT BANK (IDB),"Regional Public Good supporting Chile, Colombia, Costa Rica, Peru, and the Dominican Republic to improve sampling frameworks and collection methods to improve coverage of migrants in household surveys. This project will be completed in 2026.",institution,yes,,,,missing: no source link yet,
ex304,304,2024,,WORLD BANK-UNHCR JOINT DATA CENTER ON FORCED DISPLACEMENT (JDC),Regional: Transfer learning to increase the frequency of socioeconomic estimates in forced displacement contexts,institution,yes,,,,missing: image not in repo or SharePoint,
ex305,305,2025,,INTER-AMERICAN DEVELOPMENT BANK (IDB),"Project to better identify returned migrants in the household surveys of Northern Central America (El Salvador, Honduras, and Guatemala). This project has secured funding and will begin in 2026.",institution,yes,,,,missing: no source link yet,
ex306,306,2024,,WORLD BANK-UNHCR JOINT DATA CENTER ON FORCED DISPLACEMENT (JDC),Artificial intelligence for understanding data use and enhancing knowledge discovery,institution,yes,,,,missing: no source link yet,
ex307,307,2025,Belize,INTER-AMERICAN DEVELOPMENT BANK (IDB),Support to the Statistical Institute of Belize in the preparation of a thematic report on migration based on the 2022 census. This project was completed and the report launched in 2025.,country,no/dk,https://sib.org.bz/wp-content/uploads/20251020_BelizeCensusMigrationReport.pdf,respondent / SDG workstream,covers/ex307.png,ok,2026-09-30
ex308,308,2024,,WORLD BANK-UNHCR JOINT DATA CENTER ON FORCED DISPLACEMENT (JDC),"Regional: EHCMV+: including FDP strata in 11 EHCVM surveys in West and Central Africa: Benin, Burkina Faso, Chad, Central African Republic, Congo, Cote d'Ivoire, Niger, Mali, and Togo",institution,yes,,,,missing: no source link yet,
ex309,309,2025,Honduras,INTER-AMERICAN DEVELOPMENT BANK (IDB),Production of two studies on returnees in Honduras using administrative data gathered at reception centers and in follow-up calls. The first study analyzes the characteristics of the returnees from 2016-2024. The second analyzes questionnaires applied to returnees by telephone a few months after return to measure their reintegration.,institution,no/dk,http://dx.doi.org/10.18235/0013760,respondent / SDG workstream,,missing: failed: 403 Client Error: Forbidden,
ex310,310,2024,Zimbabwe,WORLD BANK-UNHCR JOINT DATA CENTER ON FORCED DISPLACEMENT (JDC),Zimbabwe: Inclusion of Tongogara Refugee Settlement in the Multiple Indicator Cluster Survey,country,yes,,,,missing: no source link yet,
ex311,311,2024,Mauritania,WORLD BANK-UNHCR JOINT DATA CENTER ON FORCED DISPLACEMENT (JDC),Mauritania: Quantifying refugee's return to the labor market & local economy: Inclusion of refugees & asylum seekers into the Mauritania Labor Force Survey,country,yes,,,,missing: no source link yet,
ex312,312,2024,,WORLD BANK-UNHCR JOINT DATA CENTER ON FORCED DISPLACEMENT (JDC),Regional: The Economic Integration of Refugees from Myanmar in Host Countries,institution,yes,,,,missing: no source link yet,
ex313,313,2024,Mozambique,WORLD BANK-UNHCR JOINT DATA CENTER ON FORCED DISPLACEMENT (JDC),Mozambique: Inclusion of IDPs in the 2025 Mozambique Household Budget Survey (IOF2025),country,yes,,,,missing: no source link yet,
ex314,314,2024,,WORLD BANK-UNHCR JOINT DATA CENTER ON FORCED DISPLACEMENT (JDC),"Supporting the Expert Group on Refugee, IDP and Statelessness Statistics (EGRISS) during 2024-2027",institution,yes,,,,missing: no source link yet,
ex315,315,2024,Malawi,WORLD BANK-UNHCR JOINT DATA CENTER ON FORCED DISPLACEMENT (JDC),Malawi: Inclusion of refugees in Malawi's Demographic and Health Survey 2023/24,country,yes,,,,missing: no source link yet,
ex316,316,2024,Malawi,WORLD BANK-UNHCR JOINT DATA CENTER ON FORCED DISPLACEMENT (JDC),Malawi: Inclusion of refugees in Malawi's Integrated Household Survey (IHS) 2024,country,yes,,,,missing: image not in repo or SharePoint,
ex317,317,2024,Mauritania,UNITED NATIONS HIGH COMMISSIONER FOR REFUGEES (UNHCR),Permanent Survey on Household Living Conditions (EPCV) 2024/25 in Mauritania,country,yes,,,,missing: no source link yet,
ex318,318,2024,Iraq,KURDISTAN REGION STATISTICS OFFICE,Census,country,yes,,,,missing: image not in repo or SharePoint,
ex319,319,2024,Uganda,UGANDA BUREAU OF STATISTICS (UBOS),THE 2024 NATIONAL POPULATION AND HOUSING CENSUS (NPHC 2024),country,yes,https://statistics.ubos.org/nphc/reports/National-Population-and-Housing-Census-2024-Final-Report-Volume-1-Main.pdf,"web search: UBOS census final report, Vol. 1",covers/ex319.png,ok,2026-09-30
ex320,320,2024,Uganda,UGANDA BUREAU OF STATISTICS (UBOS),"THE UGANDA NATIONAL INTEGRATED SURVEY, 2024/25 (UHIS 2024/25)",country,yes,,,,missing: image not in repo or SharePoint,
ex321,321,2024,Uganda,UGANDA BUREAU OF STATISTICS (UBOS),"THE UGANDA MALARIA INDICATOR SURVEY, 2024/25 (UMIS, 2024/25)",country,yes,,,,missing: image not in repo or SharePoint,
ex322,322,2024,Uganda,UGANDA BUREAU OF STATISTICS (UBOS),"THE UGANDA NATIONAL GOVERNANCE, PEACE AND SECURITY SURVEY, 2024/25 (UNGPS 2024/25)",country,yes,,,covers/ex322.png,ok,2026-09-30
ex323,323,2024,Mauritania,"NATIONAL AGENCY FOR STATISTICS, DEMOGRAPHIC AND ECONOMIC ANALYSIS (ANSADE)",EPCV,country,no/dk,,,,missing: no source link yet,
ex324,324,2024,Philippines,PHILIPPINE STATISTICS AUTHORITY,Birth Registration Assistance Project,country,yes,https://rsso03.psa.gov.ph/sites/default/files/2024-11/BRAP-Press-Release-Bajau-Community-Aug-03-2024.pdf,"web search: PSA regional office press release (Sama-Bajau, Aug 2024)",,missing: site blocks scripts (403); check in a browser,
ex325,325,2024,Philippines,PHILIPPINE STATISTICS AUTHORITY,2024 Census of Population and Community Based Monitoring System,country,yes,,,,missing: no source link yet,
ex326,326,2024,Philippines,PHILIPPINE STATISTICS AUTHORITY,Registration of Undocumented Filipinos in Sabah,country,yes,,,,missing: image not in repo or SharePoint,
ex327,327,2024,Kosovo*,KOSOVO AGENCY OF STATISTICS,Kosovo Census 2024,country,yes,https://askapi.rks-gov.net/Custom/c973a3e6-790c-47e7-924b-4e9f5d745aec.pdf,respondent / SDG workstream,covers/ex327.png,ok,2026-09-30
ex328,328,2021,Jordan,WORLD BANK-UNHCR JOINT DATA CENTER ON FORCED DISPLACEMENT (JDC),Integrating Syrian forcibly displaced populations into Covid-19 High Frequency Phone Surveys,institution,yes,,,,missing: no source link yet,
ex329,329,2021,Yemen,WORLD BANK-UNHCR JOINT DATA CENTER ON FORCED DISPLACEMENT (JDC),Forced Displacement Monitoring Systems,institution,yes,,,,missing: no source link yet,
ex330,330,2021,Burkina Faso,WORLD BANK-UNHCR JOINT DATA CENTER ON FORCED DISPLACEMENT (JDC),Integrating forcibly displaced populations into Covid-19 High Frequency Phone Survey,country,yes,,,,missing: no source link yet,
ex331,331,2021,Central African Republic,WORLD BANK-UNHCR JOINT DATA CENTER ON FORCED DISPLACEMENT (JDC),IDP survey as part of the 2020 Harmonized Living Conditions Survey,country,yes,,,,missing: no source link yet,
ex332,332,2021,Chad,WORLD BANK-UNHCR JOINT DATA CENTER ON FORCED DISPLACEMENT (JDC),Chad: Integrating forcibly displaced populations into Covid-19 High Frequency Phone Surveys,country,yes,,,,missing: no source link yet,
ex333,333,2021,Republic of the Congo,WORLD BANK-UNHCR JOINT DATA CENTER ON FORCED DISPLACEMENT (JDC),Crisis Observatory and Household-Forced Displacement Survey in Eastern DRC,institution,yes,,,,missing: no source link yet,
ex334,334,2021,Kenya,WORLD BANK-UNHCR JOINT DATA CENTER ON FORCED DISPLACEMENT (JDC),Household Survey,institution,yes,,,,missing: no source link yet,
ex335,335,2021,Ethiopia,WORLD BANK-UNHCR JOINT DATA CENTER ON FORCED DISPLACEMENT (JDC),Integrating Forcibly Displaced Populations into Covid-19 High Frequency Phone Surveys,country,yes,,,,missing: no source link yet,
ex336,336,2021,Djibouti,WORLD BANK-UNHCR JOINT DATA CENTER ON FORCED DISPLACEMENT (JDC),Identifying and Monitoring Displaced Populations,country,yes,,,,missing: no source link yet,
ex337,337,2021,Djibouti,WORLD BANK-UNHCR JOINT DATA CENTER ON FORCED DISPLACEMENT (JDC),Integrating Forcibly Displaced Populations into Covid-19 High Frequency Phone Surveys,country,yes,,,,missing: no source link yet,
ex338,338,2021,Bangladesh,WORLD BANK-UNHCR JOINT DATA CENTER ON FORCED DISPLACEMENT (JDC),Cox's Bazar Humanitarian Development Statistics Center/ Analytical Program,institution,yes,,,,missing: no source link yet,
ex339,339,2021,Chile,WORLD BANK-UNHCR JOINT DATA CENTER ON FORCED DISPLACEMENT (JDC),Venezuelan Crisis: Regional data collection and analysis on Venezuelan Refugee-like population,country,yes,,,,missing: no source link yet,
ex340,340,2021,Colombia,WORLD BANK-UNHCR JOINT DATA CENTER ON FORCED DISPLACEMENT (JDC),Venezuelan Crisis: Regional data collection and analysis on Venezuelan Refugee-like population,country,yes,,,,missing: no source link yet,
ex341,341,2021,Peru,WORLD BANK-UNHCR JOINT DATA CENTER ON FORCED DISPLACEMENT (JDC),Venezuelan Crisis: Regional data collection and analysis on Venezuelan Refugee-like population,country,yes,,,,missing: no source link yet,
ex342,342,2021,Ecuador,WORLD BANK-UNHCR JOINT DATA CENTER ON FORCED DISPLACEMENT (JDC),Venezuelan Crisis: Regional data collection and analysis on Venezuelan Refugee-like population,institution,yes,,,,missing: no source link yet,
ex343,343,2021,,WORLD BANK-UNHCR JOINT DATA CENTER ON FORCED DISPLACEMENT (JDC),Venezuelan Crisis: Regional data collection and analysis on Venezuelan Refugee-like population,institution,yes,,,,missing: no source link yet,
ex344,344,2021,,WORLD BANK-UNHCR JOINT DATA CENTER ON FORCED DISPLACEMENT (JDC),Responsible microdata access,institution,yes,,,,missing: no source link yet,
ex345,345,2021,,WORLD BANK-UNHCR JOINT DATA CENTER ON FORCED DISPLACEMENT (JDC),JDC Strategy,institution,yes,,,,missing: no source link yet,
ex346,346,2021,,WORLD BANK-UNHCR JOINT DATA CENTER ON FORCED DISPLACEMENT (JDC),Guidance note on survey questionnaire development in alignment with the IRRS & IRIS,institution,yes,,,,missing: no source link yet,
ex347,347,2021,Iraq,INTERNATIONAL ORGANIZATION FOR MIGRATION (IOM),Categorising obstacles to returnee integration in Iraq,institution,yes,,,,missing: no source link yet,
ex348,348,2021,Cameroon,INTERNATIONAL ORGANIZATION FOR MIGRATION (IOM),DTM measuring Durable Solution achievements,institution,yes,,,,missing: no source link yet,
ex349,349,2021,Chad,INTERNATIONAL ORGANIZATION FOR MIGRATION (IOM),DTM measuring Durable Solution achievements,institution,yes,,,,missing: no source link yet,
ex350,350,2021,Nigeria,INTERNATIONAL ORGANIZATION FOR MIGRATION (IOM),DTM measuring Durable Solution achievements,institution,yes,,,,missing: image not in repo or SharePoint,
ex351,351,2021,Ukraine,INTERNATIONAL ORGANIZATION FOR MIGRATION (IOM),Ukraine (2): Roadmap,country,yes,,,,missing: no source link yet,
ex352,352,2021,,INTERNATIONAL ORGANIZATION FOR MIGRATION (IOM),DTM IOM,institution,yes,,,,missing: no source link yet,
ex353,353,2021,,INTERNATIONAL ORGANIZATION FOR MIGRATION (IOM),"IOM's Internal Displacement Data Strategy, 2021-2025",institution,yes,,,,missing: no source link yet,
ex354,354,2021,,INTERNATIONAL ORGANIZATION FOR MIGRATION (IOM),IDDS engagement plan,institution,yes,,,,missing: no source link yet,
ex355,355,2021,,INTERNATIONAL ORGANIZATION FOR MIGRATION (IOM),Leave No Migrant Behind: The 2030 Agenda and Data Disaggregation - World | ReliefWeb,institution,yes,,,,missing: no source link yet,
ex356,356,2021,Uganda,UNITED NATIONS HIGH COMMISSIONER FOR REFUGEES (UNHCR),Inter-Agency/ Inter-Sectoral Rapid Gender Analysis to Assess the Impact Of COVID-19 On Refugee and Host Communities in Uganda,country,yes,,,,missing: no source link yet,
ex357,357,2021,Afghanistan,UNITED NATIONS HIGH COMMISSIONER FOR REFUGEES (UNHCR),HEAT survey,institution,yes,,,,missing: no source link yet,
ex358,358,2021,,UNITED NATIONS HIGH COMMISSIONER FOR REFUGEES (UNHCR),Global Trends,institution,yes,,,,missing: no source link yet,
ex359,359,2021,,UNITED NATIONS HIGH COMMISSIONER FOR REFUGEES (UNHCR),ODMLP,institution,yes,,,,missing: no source link yet,
ex360,360,2021,,UNITED NATIONS HIGH COMMISSIONER FOR REFUGEES (UNHCR),UNHCR Statistical Quality Assurance Framework,institution,yes,,,,missing: no source link yet,
ex361,361,2021,,UNITED NATIONS HIGH COMMISSIONER FOR REFUGEES (UNHCR),SDG 16 Survey,institution,yes,,,,missing: no source link yet,
ex362,362,2021,Sudan,JOINT IDP PROFILING SERVICES (JIPS),Sudan - JIPS - Joint IDP Profiling Service,country,yes,,,,missing: no source link yet,
ex363,363,2021,,JOINT IDP PROFILING SERVICES (JIPS),Identifying internally displaced persons in surveys,institution,yes,,,,missing: image not in repo or SharePoint,
ex364,364,2021,,JOINT IDP PROFILING SERVICES (JIPS),JIPS Strategy,institution,yes,,,,missing: no source link yet,
ex365,365,2021,,INTERNAL DISPLACEMENT MONITORING CENTRE (IDMC),Displacement model,institution,yes,,,,missing: no source link yet,
ex366,366,2021,,INTERNAL DISPLACEMENT MONITORING CENTRE (IDMC),"Measuring the end of internal displacement: analysing data on IDP returns, local integration and resettlement",institution,yes,,,,missing: no source link yet,
ex367,367,2021,,INTERNAL DISPLACEMENT MONITORING CENTRE (IDMC),"Improving tabulations on different groups of IDPs, data on vulnerabilities and progress towards solutions",institution,yes,,,,missing: no source link yet,
ex368,368,2021,State of Palestine,PALESTINIAN CENTRAL BUREAU OF STATISTICS (PCBS),Labor Force Survey,country,yes,http://www.erfdataportal.com/index.php/catalog/240,respondent / SDG workstream,,missing: no cover: web page without a preview image,
ex369,369,2021,Morocco,HIGH COMMISSION FOR PLANNING,MEDHIMS,country,yes,,,,missing: no source link yet,
ex370,370,2021,Côte d'Ivoire,NATIONAL INSTITUTE OF STATISTICS (INS) - CÔTE D'IVOIRE,RGPH 2014 AND 2020,country,yes,https://www.gouv.ci/_actualite-article.php?recordID=12580&d=3,respondent / SDG workstream,,missing: failed: 404 Client Error: Not Found,
ex371,371,2021,Kenya,KENYA NATIONAL BUREAU OF STATISTICS,Economic Survey 2021,country,yes,https://drive.google.com/file/d/1q5QE1A7UkwDIsDSphr4C9NIDYho0SB1p/view,respondent / SDG workstream,,missing: failed: 401 Client Error: Unauthorized,
ex372,372,2021,,INTERGOVERNMENTAL AUTHORITY ON DEVELOPMENT (IGAD),EGRIS-IGAD Webinars,institution,yes,,,,missing: no source link yet,
ex373,373,2021,,INTERGOVERNMENTAL AUTHORITY ON DEVELOPMENT (IGAD),Migration and displacement guidelines,institution,yes,,,,missing: no source link yet,
ex374,374,2021,Mexico,NATIONAL INSTITUTE OF STATISTICS AND GEOGRAPHY (INEGI),Survey to Characterize the Population in a Situation of Forced Internal Displacement in the Chihuahua State (ECADEFI-CHIH) 2021,country,yes,,,,missing: image not in repo or SharePoint,
ex375,375,2021,Mexico,NATIONAL INSTITUTE OF STATISTICS AND GEOGRAPHY (INEGI),Census 2020,country,yes,,,,missing: image not in repo or SharePoint,
ex376,376,2021,Ukraine,STATE STATISTICS SERVICE,Ukraine (1),country,yes,,,,missing: no source link yet,
ex377,377,2021,,UNITED NATIONS POPULATION FUND (UNFPA),UNFPA Strategy for the 2020 Round of Population and Housing Censuses,institution,yes,,,,missing: no source link yet,
ex378,378,2022,Morocco,HIGH COMMISSION FOR PLANNING,Survey on the socio-economic situation of refugees in Morocco in 2022,country,yes,,,,missing: image not in repo or SharePoint,
ex379,379,2022,Morocco,HIGH COMMISSION FOR PLANNING,Towards an integrated and harmonized system on statisics of international migration in Morocco,country,yes,,,,missing: no source link yet,
ex380,380,2022,Egypt,"CENTRAL AGENCY FOR PUBLIC MOBILIZATION AND STATISTICS, EGYPT",Labour Force Survey,country,yes,,,,missing: no source link yet,
ex381,381,2022,Jordan,JORDAN DEPARTMENT OF STATISTICS,Inclusion of refugees on the Gov of Jordan's Household Income and Expenditure Survey,country,yes,,,,missing: image not in repo or SharePoint,
ex382,382,2022,Libya,UNITED NATIONS HIGH COMMISSIONER FOR REFUGEES (UNHCR),Socio-economic survey of refugees and migrants in Libya,institution,yes,,,,missing: no source link yet,
ex383,383,2022,Democratic Republic of the Congo,UNITED NATIONS HIGH COMMISSIONER FOR REFUGEES (UNHCR),Impact evaluation of an integrated safety net for refugees and host communities in the Northern Republic of Congo,country,yes,,,,missing: no source link yet,
ex384,384,2022,Democratic Republic of the Congo,UNITED NATIONS HIGH COMMISSIONER FOR REFUGEES (UNHCR),"Socio-economic survey in the Grand Kasaí, DRC: Focus on IDPs, returnees and host communities",country,yes,,,,missing: no source link yet,
ex385,385,2022,Honduras,UNITED NATIONS HIGH COMMISSIONER FOR REFUGEES (UNHCR),Tracking progress towards durable solutions to internal displacement in Honduras in the context of the International Recommendations on IDP Statistics (IRIS),country,yes,,,,missing: no source link yet,
ex386,386,2022,El Salvador,UNITED NATIONS HIGH COMMISSIONER FOR REFUGEES (UNHCR),Multipurpose Household Survey - PDI,country,yes,,,,missing: no source link yet,
ex387,387,2022,Zambia,UNITED NATIONS HIGH COMMISSIONER FOR REFUGEES (UNHCR),Zambia Census 2022,country,yes,,,,missing: image not in repo or SharePoint,
ex388,388,2022,,UNITED NATIONS HIGH COMMISSIONER FOR REFUGEES (UNHCR),Workshop to discuss the strategic implementation of the IRIS,institution,yes,,,,missing: no source link yet,
ex389,389,2022,Colombia,VICTIMS UNIT,Strengthening of the Integrated Model,country,yes,,,,missing: no source link yet,
ex390,390,2022,Colombia,VICTIMS UNIT,Articulation between governmental and non-governmental agencies Descriptive analysis of the population victim of the armed conflict. (Document produced in collaboration between DANE and the Victims Unit),country,yes,,,,missing: no source link yet,
ex391,391,2022,Colombia,VICTIMS UNIT,South - South and Triangular Cooperation (IDMC),country,yes,,,,missing: no source link yet,
ex392,392,2022,Mozambique,INTERNATIONAL ORGANIZATION FOR MIGRATION (IOM),Workshop on Data Collection Approaches on Displacement for Government Officials of Statistics Departments,institution,yes,,,,missing: no source link yet,
ex393,393,2022,Djibouti,NATIONAL INSTITUTE OF STATISTICS (INSTAD),Rapid assessment of the impact of the drought in the 5 regions of Djibouti,country,yes,,,,missing: no source link yet,
ex394,394,2022,Somalia,WORLD BANK-UNHCR JOINT DATA CENTER ON FORCED DISPLACEMENT (JDC),Rapid monitoring of socio-economic conditions for Internally Displaced People,institution,yes,,,,missing: image not in repo or SharePoint,
ex395,395,2022,Jordan,UNITED NATIONS CHILDREN’S FUND (UNICEF),(Thailand Entry) 2 countries confirmed,institution,yes,,,,missing: no source link yet,
ex396,396,2022,Thailand,UNITED NATIONS CHILDREN’S FUND (UNICEF),(Jordan Entry) 2 countries confirmed,institution,yes,,,,missing: no source link yet,
ex397,397,2022,South Africa,STATISTICS SOUTH AFRICA,South Africa Census 2022,country,yes,,,,missing: image not in repo or SharePoint,
ex398,398,2022,Chad,"NATIONAL INSTITUTE OF STATISTICS, ECONOMIC AND DEMOGRAPHIC STUDIES (INSEED)",Harmonized survey on household living conditions and poverty (ECOSIT 5),country,yes,,,,missing: no source link yet,
ex399,399,2022,Cameroon,NATIONAL INSTITUTE OF STATISTICS OF THE REPUBLIC OF CAMEROON (INS),Cameroon household survey / survey on employment and in the informal sector,country,yes,,,,missing: image not in repo or SharePoint,
ex400,400,2022,,ECONOMIC COMMUNITY OF WEST AFRICAN STATES (ECOWAS),Joint Activities in West Africa with the Technical Suport from EGRISS and Statistics Sweden,institution,yes,,,,missing: no source link yet,
ex401,401,2022,,ECONOMIC COMMUNITY OF WEST AFRICAN STATES (ECOWAS),Building capacity at regional level to assess enabling factors to implement the IRIS/IRRS Workshop,institution,yes,,,,missing: no source link yet,
ex402,402,2022,Rwanda,DIRECTOR OF CENSUS,2022 Rwanda Population and Housing Census,country,yes,,,,missing: image not in repo or SharePoint,
ex403,403,2022,Kenya,KENYA NATIONAL BUREAU OF STATISTICS,2022 Economic Survey Report,country,yes,https://www.knbs.or.ke/wp-content/uploads/2022/05/2022-Economic-Survey1.pdf,respondent / SDG workstream,,"missing: failed: HTTPSConnectionPool(host='www.knbs.or.ke', port=443): Max retries exceeded with ur",
ex404,404,2022,Uganda,UGANDA BUREAU OF STATISTICS (UBOS),Refugee Inclusion in the Demographic & Health Survey (DHS),country,yes,,,,missing: image not in repo or SharePoint,
ex405,405,2022,,COMMON MARKET FOR EASTERN AND SOUTHERN AFRICA (COMESA),Workshop on the 1st COMESA Regional Labour Migration Trends Report,institution,yes,,,,missing: no source link yet,
ex406,406,2022,Italy,DIRECTORATE FOR SOCIAL STATISTICS AND POPULATION CENSUS,Integration of asylum seekers in Italy,country,yes,,,,missing: no source link yet,
ex407,407,2022,Germany,FEDERAL STATISTICAL OFFICE OF GERMANY (DESTATIS),Annual statistic on people seeking humanitarian protection in Germany,country,yes,,,,missing: no source link yet,
ex408,408,2022,Ukraine,"UNITED NATIONS EDUCATIONAL, SCIENTIFIC AND CULTURAL ORGANIZATION (UNESCO)",Towards greater standardization and inclusion of Refugee Education Data; IDP Education Expert Working Group; Improving data and policy monitoring and response to the Ukraine crisiss,institution,yes,,,,missing: no source link yet,
ex409,409,2022,Mexico,NATIONAL INSTITUTE OF STATISTICS AND GEOGRAPHY (INEGI),"Data system, international standards and practices, and the way forward in Mexico",country,yes,,,,missing: no source link yet,
ex410,410,2022,,JOINT IDP PROFILING SERVICES (JIPS),CENTROESTAD Regional Workshop on Internal Displacement Statistics in the SICA Region,institution,yes,,,,missing: no source link yet,
ex411,411,2022,Somalia,JOINT IDP PROFILING SERVICES (JIPS),Development of IDP sector plan within National Statistical System Strategic Plan,country,yes,,,,missing: image not in repo or SharePoint,
ex412,412,2022,Colombia,NATIONAL ADMINISTRATIVE DEPARTMENT OF STATISTICS (DANE),Study linking RUV and GEIH,country,yes,,,,missing: image not in repo or SharePoint,
ex413,413,2022,Colombia,NATIONAL ADMINISTRATIVE DEPARTMENT OF STATISTICS (DANE),Study linking RUV and NHPC,country,yes,,,,missing: no source link yet,
